Program,Week,Day,Order,Exercise,Sets,Reps,Tempo,Rest,RPE,Instruction
Functional Body Composition v2,1,1,1,Leg Press,4,10-12,3-1-1-0,120s,6,"Knees track over toes, full depth, no bouncing at the bottom. 2 ramp-up sets first."
Functional Body Composition v2,1,1,2,Dumbbell Bench Press,4,8-10,3-1-1-0,90s,6,Pin shoulder blades back and down. Slow controlled descent to chest level.
Functional Body Composition v2,1,1,3,Smith Machine Split Squat,3,10/leg,3-1-1-0,90s,6,"Upright torso, front knee stable over ankle. Alternate legs each set."
Functional Body Composition v2,1,1,4,Cable Chest Fly,3,12-15,3-1-1-0,60s,6,"Squeeze chest at the top, slight bend in elbows. Don't let shoulders roll forward."
Functional Body Composition v2,1,1,5,Hanging Knee Raise,3,12-15,2-1-1-0,60s,6,"Control the swing. Curl pelvis up, don't just lift knees. Slow negative."
Functional Body Composition v2,1,2,1,Cardio Warmup,1,5 min,N/A,,4,"5 min easy pace, then 3x20 sec build-up efforts with 1 min easy between."
Functional Body Composition v2,1,2,2,Air Bike Sprints,3,20 kcal ALL OUT,N/A,240s,10,ALL OUT sprints. 3 sets x 20 kcal. Rest 3-5 min between sets. This is maximum effort.
Functional Body Composition v2,1,3,1,Romanian Deadlift,4,8,3-1-1-0,120s,6,"Hips back, neutral spine, feel hamstring stretch. Bar stays close to legs. 2 ramp-up sets first."
Functional Body Composition v2,1,3,2,Lat Pulldown,4,10,3-1-1-0,90s,6,"Pull elbows to ribs, chest tall. Full stretch at the top, squeeze at the bottom."
Functional Body Composition v2,1,3,3,Seated Row Machine,3,12,3-1-1-0,90s,6,"Chest against pad, pull to lower chest. Squeeze shoulder blades together."
Functional Body Composition v2,1,3,4,Cable Face Pulls,3,15,2-2-1-0,60s,6,"Pull to forehead level, externally rotate at the end. Shoulder health focus."
Functional Body Composition v2,1,3,5,Plank Hold,3,45s,N/A,60s,6,"Brace core tight, neutral spine. Squeeze glutes. Don't let hips sag or pike."
Functional Body Composition v2,1,4,1,Cardio Warmup,1,5 min,N/A,,4,"5 min easy pace, then 3x20 sec build-up efforts with 1 min easy between."
Functional Body Composition v2,1,4,2,Steady Tempo Treadmill Run,1,20 min,N/A,,6,"Continuous steady effort for 20 minutes at RPE 6. Consistent pace, no stopping. Build aerobic base."
Functional Body Composition v2,1,5,1,Goblet Squat,4,12,3-1-1-0,90s,6,"Hold dumbbell at chest. Sit between knees, upright torso. Full depth."
Functional Body Composition v2,1,5,2,Incline Dumbbell Press,3,10,3-1-1-0,90s,6,"30-degree incline. Control the descent, full range of motion. Shoulder blades pinned."
Functional Body Composition v2,1,5,3,Cable Row,3,12,3-1-1-0,90s,6,"Pull to navel, chest up. Squeeze at the back, controlled release."
Functional Body Composition v2,1,5,4,Walking Lunges,3,12/leg,2-0-1-0,90s,6,"Long stride, upright torso. Control the descent, drive through front heel."
Functional Body Composition v2,1,5,5,Farmer Carry,3,40m,N/A,90s,6,"Heavy but stable posture. Shoulders back and down, tight core, don't lean."
Functional Body Composition v2,1,6,1,Cardio Warmup,1,5 min,N/A,,4,"5 min easy pace on rower, then 3x20 sec build-up efforts with 1 min easy between."
Functional Body Composition v2,1,6,2,Rowing Machine,3,2000m,N/A,240s,8,3 x 2000m at 2:00 per 500m pace. Rest 4 min between sets. Maintain consistent split. This is the engine-builder.
Functional Body Composition v2,1,7,REST,Rest Day,0,0,,,,"Full rest day. Prioritise sleep, hydration, and nutrition. Light walking or stretching if desired."
Functional Body Composition v2,2,8,1,Leg Press,4,10-12,3-1-1-0,120s,6.5,"Knees track over toes, full depth, no bouncing at the bottom. 2 ramp-up sets first."
Functional Body Composition v2,2,8,2,Dumbbell Bench Press,4,8-10,3-1-1-0,90s,6.5,Pin shoulder blades back and down. Slow controlled descent to chest level.
Functional Body Composition v2,2,8,3,Smith Machine Split Squat,3,10/leg,3-1-1-0,90s,6.5,"Upright torso, front knee stable over ankle. Alternate legs each set."
Functional Body Composition v2,2,8,4,Cable Chest Fly,3,12-15,3-1-1-0,60s,6.5,"Squeeze chest at the top, slight bend in elbows. Don't let shoulders roll forward."
Functional Body Composition v2,2,8,5,Hanging Knee Raise,3,12-15,2-1-1-0,60s,6.5,"Control the swing. Curl pelvis up, don't just lift knees. Slow negative."
Functional Body Composition v2,2,9,1,Cardio Warmup,1,5 min,N/A,,4,"5 min easy pace, then 3x20 sec build-up efforts with 1 min easy between."
Functional Body Composition v2,2,9,2,Self-Powered Treadmill Sprints,3,22 kcal ALL OUT,N/A,240s,10,ALL OUT sprints. 3 sets x 22 kcal. Rest 3-5 min between sets. This is maximum effort.
Functional Body Composition v2,2,10,1,Romanian Deadlift,4,8,3-1-1-0,120s,6.5,"Hips back, neutral spine, feel hamstring stretch. Bar stays close to legs. 2 ramp-up sets first."
Functional Body Composition v2,2,10,2,Lat Pulldown,4,10,3-1-1-0,90s,6.5,"Pull elbows to ribs, chest tall. Full stretch at the top, squeeze at the bottom."
Functional Body Composition v2,2,10,3,Seated Row Machine,3,12,3-1-1-0,90s,6.5,"Chest against pad, pull to lower chest. Squeeze shoulder blades together."
Functional Body Composition v2,2,10,4,Cable Face Pulls,3,15,2-2-1-0,60s,6.5,"Pull to forehead level, externally rotate at the end. Shoulder health focus."
Functional Body Composition v2,2,10,5,Plank Hold,3,45s,N/A,60s,6.5,"Brace core tight, neutral spine. Squeeze glutes. Don't let hips sag or pike."
Functional Body Composition v2,2,11,1,Cardio Warmup,1,5 min,N/A,,4,"5 min easy pace, then 3x20 sec build-up efforts with 1 min easy between."
Functional Body Composition v2,2,11,2,Steady Tempo Bike,1,23 min,N/A,,6,"Continuous steady effort for 23 minutes at RPE 6. Consistent pace, no stopping. Build aerobic base."
Functional Body Composition v2,2,12,1,Goblet Squat,4,12,3-1-1-0,90s,6.5,"Hold dumbbell at chest. Sit between knees, upright torso. Full depth."
Functional Body Composition v2,2,12,2,Incline Dumbbell Press,3,10,3-1-1-0,90s,6.5,"30-degree incline. Control the descent, full range of motion. Shoulder blades pinned."
Functional Body Composition v2,2,12,3,Cable Row,3,12,3-1-1-0,90s,6.5,"Pull to navel, chest up. Squeeze at the back, controlled release."
Functional Body Composition v2,2,12,4,Walking Lunges,3,12/leg,2-0-1-0,90s,6.5,"Long stride, upright torso. Control the descent, drive through front heel."
Functional Body Composition v2,2,12,5,Farmer Carry,3,40m,N/A,90s,6.5,"Heavy but stable posture. Shoulders back and down, tight core, don't lean."
Functional Body Composition v2,2,13,1,Cardio Warmup,1,5 min,N/A,,4,"5 min easy pace on rower, then 3x20 sec build-up efforts with 1 min easy between."
Functional Body Composition v2,2,13,2,Rowing Machine,3,2000m,N/A,240s,8,3 x 2000m at 1:59 per 500m pace. Rest 4 min between sets. Maintain consistent split. This is the engine-builder.
Functional Body Composition v2,2,14,REST,Rest Day,0,0,,,,"Full rest day. Prioritise sleep, hydration, and nutrition. Light walking or stretching if desired."
Functional Body Composition v2,3,15,1,Leg Press,4,10-12,3-1-1-0,120s,7,"Knees track over toes, full depth, no bouncing at the bottom. 2 ramp-up sets first."
Functional Body Composition v2,3,15,2,Dumbbell Bench Press,4,8-10,3-1-1-0,90s,7,Pin shoulder blades back and down. Slow controlled descent to chest level.
Functional Body Composition v2,3,15,3,Smith Machine Split Squat,3,10/leg,3-1-1-0,90s,7,"Upright torso, front knee stable over ankle. Alternate legs each set."
Functional Body Composition v2,3,15,4,Cable Chest Fly,3,12-15,3-1-1-0,60s,7,"Squeeze chest at the top, slight bend in elbows. Don't let shoulders roll forward."
Functional Body Composition v2,3,15,5,Hanging Knee Raise,3,12-15,2-1-1-0,60s,7,"Control the swing. Curl pelvis up, don't just lift knees. Slow negative."
Functional Body Composition v2,3,16,1,Cardio Warmup,1,5 min,N/A,,4,"5 min easy pace, then 3x20 sec build-up efforts with 1 min easy between."
Functional Body Composition v2,3,16,2,Air Bike Sprints,4,22 kcal ALL OUT,N/A,240s,10,ALL OUT sprints. 4 sets x 22 kcal. Rest 3-5 min between sets. This is maximum effort.
Functional Body Composition v2,3,17,1,Romanian Deadlift,4,8,3-1-1-0,120s,7,"Hips back, neutral spine, feel hamstring stretch. Bar stays close to legs. 2 ramp-up sets first."
Functional Body Composition v2,3,17,2,Lat Pulldown,4,10,3-1-1-0,90s,7,"Pull elbows to ribs, chest tall. Full stretch at the top, squeeze at the bottom."
Functional Body Composition v2,3,17,3,Seated Row Machine,3,12,3-1-1-0,90s,7,"Chest against pad, pull to lower chest. Squeeze shoulder blades together."
Functional Body Composition v2,3,17,4,Cable Face Pulls,3,15,2-2-1-0,60s,7,"Pull to forehead level, externally rotate at the end. Shoulder health focus."
Functional Body Composition v2,3,17,5,Plank Hold,3,45s,N/A,60s,7,"Brace core tight, neutral spine. Squeeze glutes. Don't let hips sag or pike."
Functional Body Composition v2,3,18,1,Cardio Warmup,1,5 min,N/A,,4,"5 min easy pace, then 3x20 sec build-up efforts with 1 min easy between."
Functional Body Composition v2,3,18,2,Steady Tempo Treadmill Run,1,26 min,N/A,,6,"Continuous steady effort for 26 minutes at RPE 6. Consistent pace, no stopping. Build aerobic base."
Functional Body Composition v2,3,19,1,Goblet Squat,4,12,3-1-1-0,90s,7,"Hold dumbbell at chest. Sit between knees, upright torso. Full depth."
Functional Body Composition v2,3,19,2,Incline Dumbbell Press,3,10,3-1-1-0,90s,7,"30-degree incline. Control the descent, full range of motion. Shoulder blades pinned."
Functional Body Composition v2,3,19,3,Cable Row,3,12,3-1-1-0,90s,7,"Pull to navel, chest up. Squeeze at the back, controlled release."
Functional Body Composition v2,3,19,4,Walking Lunges,3,12/leg,2-0-1-0,90s,7,"Long stride, upright torso. Control the descent, drive through front heel."
Functional Body Composition v2,3,19,5,Farmer Carry,3,40m,N/A,90s,7,"Heavy but stable posture. Shoulders back and down, tight core, don't lean."
Functional Body Composition v2,3,20,1,Cardio Warmup,1,5 min,N/A,,4,"5 min easy pace on rower, then 3x20 sec build-up efforts with 1 min easy between."
Functional Body Composition v2,3,20,2,Rowing Machine,4,2000m,N/A,240s,8,4 x 2000m at 1:58 per 500m pace. Rest 4 min between sets. Maintain consistent split. This is the engine-builder.
Functional Body Composition v2,3,21,REST,Rest Day,0,0,,,,"Full rest day. Prioritise sleep, hydration, and nutrition. Light walking or stretching if desired."
Functional Body Composition v2,4,22,1,Leg Press,4,10-12,3-1-1-0,120s,7.5,"Knees track over toes, full depth, no bouncing at the bottom. 2 ramp-up sets first."
Functional Body Composition v2,4,22,2,Dumbbell Bench Press,4,8-10,3-1-1-0,90s,7.5,Pin shoulder blades back and down. Slow controlled descent to chest level.
Functional Body Composition v2,4,22,3,Smith Machine Split Squat,3,10/leg,3-1-1-0,90s,7.5,"Upright torso, front knee stable over ankle. Alternate legs each set."
Functional Body Composition v2,4,22,4,Cable Chest Fly,3,12-15,3-1-1-0,60s,7.5,"Squeeze chest at the top, slight bend in elbows. Don't let shoulders roll forward."
Functional Body Composition v2,4,22,5,Hanging Knee Raise,3,12-15,2-1-1-0,60s,7.5,"Control the swing. Curl pelvis up, don't just lift knees. Slow negative."
Functional Body Composition v2,4,23,1,Cardio Warmup,1,5 min,N/A,,4,"5 min easy pace, then 3x20 sec build-up efforts with 1 min easy between."
Functional Body Composition v2,4,23,2,Self-Powered Treadmill Sprints,4,24 kcal ALL OUT,N/A,240s,10,ALL OUT sprints. 4 sets x 24 kcal. Rest 3-5 min between sets. This is maximum effort.
Functional Body Composition v2,4,24,1,Romanian Deadlift,4,8,3-1-1-0,120s,7.5,"Hips back, neutral spine, feel hamstring stretch. Bar stays close to legs. 2 ramp-up sets first."
Functional Body Composition v2,4,24,2,Lat Pulldown,4,10,3-1-1-0,90s,7.5,"Pull elbows to ribs, chest tall. Full stretch at the top, squeeze at the bottom."
Functional Body Composition v2,4,24,3,Seated Row Machine,3,12,3-1-1-0,90s,7.5,"Chest against pad, pull to lower chest. Squeeze shoulder blades together."
Functional Body Composition v2,4,24,4,Cable Face Pulls,3,15,2-2-1-0,60s,7.5,"Pull to forehead level, externally rotate at the end. Shoulder health focus."
Functional Body Composition v2,4,24,5,Plank Hold,3,45s,N/A,60s,7.5,"Brace core tight, neutral spine. Squeeze glutes. Don't let hips sag or pike."
Functional Body Composition v2,4,25,1,Cardio Warmup,1,5 min,N/A,,4,"5 min easy pace, then 3x20 sec build-up efforts with 1 min easy between."
Functional Body Composition v2,4,25,2,Steady Tempo Bike,1,29 min,N/A,,7,"Continuous steady effort for 29 minutes at RPE 7. Consistent pace, no stopping. Build aerobic base."
Functional Body Composition v2,4,26,1,Goblet Squat,4,12,3-1-1-0,90s,7.5,"Hold dumbbell at chest. Sit between knees, upright torso. Full depth."
Functional Body Composition v2,4,26,2,Incline Dumbbell Press,3,10,3-1-1-0,90s,7.5,"30-degree incline. Control the descent, full range of motion. Shoulder blades pinned."
Functional Body Composition v2,4,26,3,Cable Row,3,12,3-1-1-0,90s,7.5,"Pull to navel, chest up. Squeeze at the back, controlled release."
Functional Body Composition v2,4,26,4,Walking Lunges,3,12/leg,2-0-1-0,90s,7.5,"Long stride, upright torso. Control the descent, drive through front heel."
Functional Body Composition v2,4,26,5,Farmer Carry,3,40m,N/A,90s,7.5,"Heavy but stable posture. Shoulders back and down, tight core, don't lean."
Functional Body Composition v2,4,27,1,Cardio Warmup,1,5 min,N/A,,4,"5 min easy pace on rower, then 3x20 sec build-up efforts with 1 min easy between."
Functional Body Composition v2,4,27,2,Rowing Machine,4,2000m,N/A,240s,8,4 x 2000m at 1:57 per 500m pace. Rest 4 min between sets. Maintain consistent split. This is the engine-builder.
Functional Body Composition v2,4,28,REST,Rest Day,0,0,,,,"Full rest day. Prioritise sleep, hydration, and nutrition. Light walking or stretching if desired."
Functional Body Composition v2,5,29,1,Leg Press,4,10-12,3-1-1-0,120s,8,"Knees track over toes, full depth, no bouncing at the bottom. 2 ramp-up sets first."
Functional Body Composition v2,5,29,2,Dumbbell Bench Press,4,8-10,3-1-1-0,90s,8,Pin shoulder blades back and down. Slow controlled descent to chest level.
Functional Body Composition v2,5,29,3,Smith Machine Split Squat,3,10/leg,3-1-1-0,90s,8,"Upright torso, front knee stable over ankle. Alternate legs each set."
Functional Body Composition v2,5,29,4,Cable Chest Fly,3,12-15,3-1-1-0,60s,8,"Squeeze chest at the top, slight bend in elbows. Don't let shoulders roll forward."
Functional Body Composition v2,5,29,5,Hanging Knee Raise,3,12-15,2-1-1-0,60s,8,"Control the swing. Curl pelvis up, don't just lift knees. Slow negative."
Functional Body Composition v2,5,30,1,Cardio Warmup,1,5 min,N/A,,4,"5 min easy pace, then 3x20 sec build-up efforts with 1 min easy between."
Functional Body Composition v2,5,30,2,Air Bike Sprints,5,24 kcal ALL OUT,N/A,240s,10,ALL OUT sprints. 5 sets x 24 kcal. Rest 3-5 min between sets. This is maximum effort.
Functional Body Composition v2,5,31,1,Romanian Deadlift,4,8,3-1-1-0,120s,8,"Hips back, neutral spine, feel hamstring stretch. Bar stays close to legs. 2 ramp-up sets first."
Functional Body Composition v2,5,31,2,Lat Pulldown,4,10,3-1-1-0,90s,8,"Pull elbows to ribs, chest tall. Full stretch at the top, squeeze at the bottom."
Functional Body Composition v2,5,31,3,Seated Row Machine,3,12,3-1-1-0,90s,8,"Chest against pad, pull to lower chest. Squeeze shoulder blades together."
Functional Body Composition v2,5,31,4,Cable Face Pulls,3,15,2-2-1-0,60s,8,"Pull to forehead level, externally rotate at the end. Shoulder health focus."
Functional Body Composition v2,5,31,5,Plank Hold,3,45s,N/A,60s,8,"Brace core tight, neutral spine. Squeeze glutes. Don't let hips sag or pike."
Functional Body Composition v2,5,32,1,Cardio Warmup,1,5 min,N/A,,4,"5 min easy pace, then 3x20 sec build-up efforts with 1 min easy between."
Functional Body Composition v2,5,32,2,Steady Tempo Treadmill Run,1,32 min,N/A,,7,"Continuous steady effort for 32 minutes at RPE 7. Consistent pace, no stopping. Build aerobic base."
Functional Body Composition v2,5,33,1,Goblet Squat,4,12,3-1-1-0,90s,8,"Hold dumbbell at chest. Sit between knees, upright torso. Full depth."
Functional Body Composition v2,5,33,2,Incline Dumbbell Press,3,10,3-1-1-0,90s,8,"30-degree incline. Control the descent, full range of motion. Shoulder blades pinned."
Functional Body Composition v2,5,33,3,Cable Row,3,12,3-1-1-0,90s,8,"Pull to navel, chest up. Squeeze at the back, controlled release."
Functional Body Composition v2,5,33,4,Walking Lunges,3,12/leg,2-0-1-0,90s,8,"Long stride, upright torso. Control the descent, drive through front heel."
Functional Body Composition v2,5,33,5,Farmer Carry,3,40m,N/A,90s,8,"Heavy but stable posture. Shoulders back and down, tight core, don't lean."
Functional Body Composition v2,5,34,1,Cardio Warmup,1,5 min,N/A,,4,"5 min easy pace on rower, then 3x20 sec build-up efforts with 1 min easy between."
Functional Body Composition v2,5,34,2,Rowing Machine,5,2000m,N/A,240s,8,5 x 2000m at 1:57 per 500m pace. Rest 4 min between sets. Maintain consistent split. This is the engine-builder.
Functional Body Composition v2,5,35,REST,Rest Day,0,0,,,,"Full rest day. Prioritise sleep, hydration, and nutrition. Light walking or stretching if desired."
Functional Body Composition v2,6,36,1,Leg Press,4,10-12,3-1-1-0,120s,8,"Knees track over toes, full depth, no bouncing at the bottom. 2 ramp-up sets first."
Functional Body Composition v2,6,36,2,Dumbbell Bench Press,4,8-10,3-1-1-0,90s,8,Pin shoulder blades back and down. Slow controlled descent to chest level.
Functional Body Composition v2,6,36,3,Smith Machine Split Squat,3,10/leg,3-1-1-0,90s,8,"Upright torso, front knee stable over ankle. Alternate legs each set."
Functional Body Composition v2,6,36,4,Cable Chest Fly,3,12-15,3-1-1-0,60s,8,"Squeeze chest at the top, slight bend in elbows. Don't let shoulders roll forward."
Functional Body Composition v2,6,36,5,Hanging Knee Raise,3,12-15,2-1-1-0,60s,8,"Control the swing. Curl pelvis up, don't just lift knees. Slow negative."
Functional Body Composition v2,6,37,1,Cardio Warmup,1,5 min,N/A,,4,"5 min easy pace, then 3x20 sec build-up efforts with 1 min easy between."
Functional Body Composition v2,6,37,2,Self-Powered Treadmill Sprints,5,25 kcal ALL OUT,N/A,240s,10,ALL OUT sprints. 5 sets x 25 kcal. Rest 3-5 min between sets. This is maximum effort.
Functional Body Composition v2,6,38,1,Romanian Deadlift,4,8,3-1-1-0,120s,8,"Hips back, neutral spine, feel hamstring stretch. Bar stays close to legs. 2 ramp-up sets first."
Functional Body Composition v2,6,38,2,Lat Pulldown,4,10,3-1-1-0,90s,8,"Pull elbows to ribs, chest tall. Full stretch at the top, squeeze at the bottom."
Functional Body Composition v2,6,38,3,Seated Row Machine,3,12,3-1-1-0,90s,8,"Chest against pad, pull to lower chest. Squeeze shoulder blades together."
Functional Body Composition v2,6,38,4,Cable Face Pulls,3,15,2-2-1-0,60s,8,"Pull to forehead level, externally rotate at the end. Shoulder health focus."
Functional Body Composition v2,6,38,5,Plank Hold,3,45s,N/A,60s,8,"Brace core tight, neutral spine. Squeeze glutes. Don't let hips sag or pike."
Functional Body Composition v2,6,39,1,Cardio Warmup,1,5 min,N/A,,4,"5 min easy pace, then 3x20 sec build-up efforts with 1 min easy between."
Functional Body Composition v2,6,39,2,Steady Tempo Bike,1,35 min,N/A,,7,"Continuous steady effort for 35 minutes at RPE 7. Consistent pace, no stopping. Build aerobic base."
Functional Body Composition v2,6,40,1,Goblet Squat,4,12,3-1-1-0,90s,8,"Hold dumbbell at chest. Sit between knees, upright torso. Full depth."
Functional Body Composition v2,6,40,2,Incline Dumbbell Press,3,10,3-1-1-0,90s,8,"30-degree incline. Control the descent, full range of motion. Shoulder blades pinned."
Functional Body Composition v2,6,40,3,Cable Row,3,12,3-1-1-0,90s,8,"Pull to navel, chest up. Squeeze at the back, controlled release."
Functional Body Composition v2,6,40,4,Walking Lunges,3,12/leg,2-0-1-0,90s,8,"Long stride, upright torso. Control the descent, drive through front heel."
Functional Body Composition v2,6,40,5,Farmer Carry,3,40m,N/A,90s,8,"Heavy but stable posture. Shoulders back and down, tight core, don't lean."
Functional Body Composition v2,6,41,1,Cardio Warmup,1,5 min,N/A,,4,"5 min easy pace on rower, then 3x20 sec build-up efforts with 1 min easy between."
Functional Body Composition v2,6,41,2,Rowing Machine,5,2000m,N/A,240s,8,5 x 2000m at 1:55 per 500m pace. Rest 4 min between sets. Maintain consistent split. This is the engine-builder.
Functional Body Composition v2,6,42,REST,Rest Day,0,0,,,,"Full rest day. Prioritise sleep, hydration, and nutrition. Light walking or stretching if desired."
Functional Body Composition v2,7,43,1,Leg Press,3,10,3-1-1-0,120s,5,70% of working weight. Focus on perfect form and control.
Functional Body Composition v2,7,43,2,Dumbbell Bench Press,3,8,3-1-1-0,90s,5,"70% of working weight. Slow tempo, technique focus."
Functional Body Composition v2,7,43,3,Cable Chest Fly,2,12,3-1-1-0,60s,5,"Light weight, focus on mind-muscle connection."
Functional Body Composition v2,7,43,4,Plank Hold,2,30s,N/A,60s,5,Easy hold. Focus on breathing and bracing.
Functional Body Composition v2,7,44,1,Cardio Warmup,1,5 min,N/A,,4,"5 min easy pace, then 3x20 sec build-up efforts with 1 min easy between."
Functional Body Composition v2,7,44,2,Air Bike or Self-Powered Treadmill Sprints,2,15 kcal,N/A,180s,7,"DELOAD: Half volume, no all-out effort. 70% intensity. Focus on form and breathing."
Functional Body Composition v2,7,45,1,Romanian Deadlift,3,8,3-1-1-0,120s,5,70% of working weight. Perfect hip hinge pattern.
Functional Body Composition v2,7,45,2,Lat Pulldown,3,10,3-1-1-0,90s,5,"70% of working weight. Full range of motion, slow negative."
Functional Body Composition v2,7,45,3,Cable Face Pulls,2,15,2-2-1-0,60s,5,Light. Shoulder health and mobility focus.
Functional Body Composition v2,7,45,4,Dead Hang,2,30s,N/A,60s,5,"Relax shoulders, decompress spine. Grip work."
Functional Body Composition v2,7,46,1,Cardio Warmup,1,5 min,N/A,,4,"5 min easy pace, then 3x20 sec build-up efforts with 1 min easy between."
Functional Body Composition v2,7,46,2,Easy Tempo Run or Bike,1,15 min,N/A,,5,"DELOAD: Easy continuous effort. 50% of normal volume. Keep heart rate low, focus on breathing rhythm."
Functional Body Composition v2,7,47,1,Goblet Squat,3,10,3-1-1-0,90s,5,"70% of working weight. Deep squat, focus on mobility."
Functional Body Composition v2,7,47,2,Incline Dumbbell Press,2,10,3-1-1-0,90s,5,Light. Technique and range of motion focus.
Functional Body Composition v2,7,47,3,Walking Lunges,2,10/leg,2-0-1-0,90s,5,Bodyweight or very light. Balance and stability focus.
Functional Body Composition v2,7,47,4,Farmer Carry,2,30m,N/A,90s,5,Moderate weight. Posture focus.
Functional Body Composition v2,7,48,1,Cardio Warmup,1,5 min,N/A,,4,"5 min easy pace on rower, then 3x20 sec build-up efforts with 1 min easy between."
Functional Body Composition v2,7,48,2,Rowing Machine,2,2000m,N/A,300s,5,DELOAD: 2 x 2000m at easy pace (2:05+ per 500m). Rest 5 min. Focus on technique and breathing.
Functional Body Composition v2,7,49,REST,Rest Day,0,0,,,,"Full rest day. Prioritise sleep, hydration, and nutrition. Light walking or stretching if desired."
Functional Body Composition v2,8,50,1,Leg Press,4,10-12,3-1-1-0,120s,6,"Knees track over toes, full depth, no bouncing at the bottom. 2 ramp-up sets first."
Functional Body Composition v2,8,50,2,Dumbbell Bench Press,4,8-10,3-1-1-0,90s,6,Pin shoulder blades back and down. Slow controlled descent to chest level.
Functional Body Composition v2,8,50,3,Smith Machine Split Squat,3,10/leg,3-1-1-0,90s,6,"Upright torso, front knee stable over ankle. Alternate legs each set."
Functional Body Composition v2,8,50,4,Cable Chest Fly,3,12-15,3-1-1-0,60s,6,"Squeeze chest at the top, slight bend in elbows. Don't let shoulders roll forward."
Functional Body Composition v2,8,50,5,Hanging Knee Raise,3,12-15,2-1-1-0,60s,6,"Control the swing. Curl pelvis up, don't just lift knees. Slow negative."
Functional Body Composition v2,8,51,1,Cardio Warmup,1,5 min,N/A,,4,"5 min easy pace, then 3x20 sec build-up efforts with 1 min easy between."
Functional Body Composition v2,8,51,2,Self-Powered Treadmill Sprints,3,20 kcal ALL OUT,N/A,240s,10,ALL OUT sprints. 3 sets x 20 kcal. Rest 3-5 min between sets. This is maximum effort.
Functional Body Composition v2,8,52,1,Romanian Deadlift,4,8,3-1-1-0,120s,6,"Hips back, neutral spine, feel hamstring stretch. Bar stays close to legs. 2 ramp-up sets first."
Functional Body Composition v2,8,52,2,Lat Pulldown,4,10,3-1-1-0,90s,6,"Pull elbows to ribs, chest tall. Full stretch at the top, squeeze at the bottom."
Functional Body Composition v2,8,52,3,Seated Row Machine,3,12,3-1-1-0,90s,6,"Chest against pad, pull to lower chest. Squeeze shoulder blades together."
Functional Body Composition v2,8,52,4,Cable Face Pulls,3,15,2-2-1-0,60s,6,"Pull to forehead level, externally rotate at the end. Shoulder health focus."
Functional Body Composition v2,8,52,5,Plank Hold,3,45s,N/A,60s,6,"Brace core tight, neutral spine. Squeeze glutes. Don't let hips sag or pike."
Functional Body Composition v2,8,53,1,Cardio Warmup,1,5 min,N/A,,4,"5 min easy pace, then 3x20 sec build-up efforts with 1 min easy between."
Functional Body Composition v2,8,53,2,Steady Tempo Bike,1,20 min,N/A,,6,"Continuous steady effort for 20 minutes at RPE 6. Consistent pace, no stopping. Build aerobic base."
Functional Body Composition v2,8,54,1,Goblet Squat,4,12,3-1-1-0,90s,6,"Hold dumbbell at chest. Sit between knees, upright torso. Full depth."
Functional Body Composition v2,8,54,2,Incline Dumbbell Press,3,10,3-1-1-0,90s,6,"30-degree incline. Control the descent, full range of motion. Shoulder blades pinned."
Functional Body Composition v2,8,54,3,Cable Row,3,12,3-1-1-0,90s,6,"Pull to navel, chest up. Squeeze at the back, controlled release."
Functional Body Composition v2,8,54,4,Walking Lunges,3,12/leg,2-0-1-0,90s,6,"Long stride, upright torso. Control the descent, drive through front heel."
Functional Body Composition v2,8,54,5,Farmer Carry,3,40m,N/A,90s,6,"Heavy but stable posture. Shoulders back and down, tight core, don't lean."
Functional Body Composition v2,8,55,1,Cardio Warmup,1,5 min,N/A,,4,"5 min easy pace on rower, then 3x20 sec build-up efforts with 1 min easy between."
Functional Body Composition v2,8,55,2,Rowing Machine,3,2000m,N/A,240s,8,3 x 2000m at 2:00 per 500m pace. Rest 4 min between sets. Maintain consistent split. This is the engine-builder.
Functional Body Composition v2,8,56,REST,Rest Day,0,0,,,,"Full rest day. Prioritise sleep, hydration, and nutrition. Light walking or stretching if desired."
Functional Body Composition v2,9,57,1,Leg Press,4,10-12,3-1-1-0,120s,6.5,"Knees track over toes, full depth, no bouncing at the bottom. 2 ramp-up sets first."
Functional Body Composition v2,9,57,2,Dumbbell Bench Press,4,8-10,3-1-1-0,90s,6.5,Pin shoulder blades back and down. Slow controlled descent to chest level.
Functional Body Composition v2,9,57,3,Smith Machine Split Squat,3,10/leg,3-1-1-0,90s,6.5,"Upright torso, front knee stable over ankle. Alternate legs each set."
Functional Body Composition v2,9,57,4,Cable Chest Fly,3,12-15,3-1-1-0,60s,6.5,"Squeeze chest at the top, slight bend in elbows. Don't let shoulders roll forward."
Functional Body Composition v2,9,57,5,Hanging Knee Raise,3,12-15,2-1-1-0,60s,6.5,"Control the swing. Curl pelvis up, don't just lift knees. Slow negative."
Functional Body Composition v2,9,58,1,Cardio Warmup,1,5 min,N/A,,4,"5 min easy pace, then 3x20 sec build-up efforts with 1 min easy between."
Functional Body Composition v2,9,58,2,Air Bike Sprints,3,22 kcal ALL OUT,N/A,240s,10,ALL OUT sprints. 3 sets x 22 kcal. Rest 3-5 min between sets. This is maximum effort.
Functional Body Composition v2,9,59,1,Romanian Deadlift,4,8,3-1-1-0,120s,6.5,"Hips back, neutral spine, feel hamstring stretch. Bar stays close to legs. 2 ramp-up sets first."
Functional Body Composition v2,9,59,2,Lat Pulldown,4,10,3-1-1-0,90s,6.5,"Pull elbows to ribs, chest tall. Full stretch at the top, squeeze at the bottom."
Functional Body Composition v2,9,59,3,Seated Row Machine,3,12,3-1-1-0,90s,6.5,"Chest against pad, pull to lower chest. Squeeze shoulder blades together."
Functional Body Composition v2,9,59,4,Cable Face Pulls,3,15,2-2-1-0,60s,6.5,"Pull to forehead level, externally rotate at the end. Shoulder health focus."
Functional Body Composition v2,9,59,5,Plank Hold,3,45s,N/A,60s,6.5,"Brace core tight, neutral spine. Squeeze glutes. Don't let hips sag or pike."
Functional Body Composition v2,9,60,1,Cardio Warmup,1,5 min,N/A,,4,"5 min easy pace, then 3x20 sec build-up efforts with 1 min easy between."
Functional Body Composition v2,9,60,2,Steady Tempo Treadmill Run,1,23 min,N/A,,6,"Continuous steady effort for 23 minutes at RPE 6. Consistent pace, no stopping. Build aerobic base."
Functional Body Composition v2,9,61,1,Goblet Squat,4,12,3-1-1-0,90s,6.5,"Hold dumbbell at chest. Sit between knees, upright torso. Full depth."
Functional Body Composition v2,9,61,2,Incline Dumbbell Press,3,10,3-1-1-0,90s,6.5,"30-degree incline. Control the descent, full range of motion. Shoulder blades pinned."
Functional Body Composition v2,9,61,3,Cable Row,3,12,3-1-1-0,90s,6.5,"Pull to navel, chest up. Squeeze at the back, controlled release."
Functional Body Composition v2,9,61,4,Walking Lunges,3,12/leg,2-0-1-0,90s,6.5,"Long stride, upright torso. Control the descent, drive through front heel."
Functional Body Composition v2,9,61,5,Farmer Carry,3,40m,N/A,90s,6.5,"Heavy but stable posture. Shoulders back and down, tight core, don't lean."
Functional Body Composition v2,9,62,1,Cardio Warmup,1,5 min,N/A,,4,"5 min easy pace on rower, then 3x20 sec build-up efforts with 1 min easy between."
Functional Body Composition v2,9,62,2,Rowing Machine,3,2000m,N/A,240s,8,3 x 2000m at 1:59 per 500m pace. Rest 4 min between sets. Maintain consistent split. This is the engine-builder.
Functional Body Composition v2,9,63,REST,Rest Day,0,0,,,,"Full rest day. Prioritise sleep, hydration, and nutrition. Light walking or stretching if desired."
Functional Body Composition v2,10,64,1,Leg Press,4,10-12,3-1-1-0,120s,7,"Knees track over toes, full depth, no bouncing at the bottom. 2 ramp-up sets first."
Functional Body Composition v2,10,64,2,Dumbbell Bench Press,4,8-10,3-1-1-0,90s,7,Pin shoulder blades back and down. Slow controlled descent to chest level.
Functional Body Composition v2,10,64,3,Smith Machine Split Squat,3,10/leg,3-1-1-0,90s,7,"Upright torso, front knee stable over ankle. Alternate legs each set."
Functional Body Composition v2,10,64,4,Cable Chest Fly,3,12-15,3-1-1-0,60s,7,"Squeeze chest at the top, slight bend in elbows. Don't let shoulders roll forward."
Functional Body Composition v2,10,64,5,Hanging Knee Raise,3,12-15,2-1-1-0,60s,7,"Control the swing. Curl pelvis up, don't just lift knees. Slow negative."
Functional Body Composition v2,10,65,1,Cardio Warmup,1,5 min,N/A,,4,"5 min easy pace, then 3x20 sec build-up efforts with 1 min easy between."
Functional Body Composition v2,10,65,2,Self-Powered Treadmill Sprints,4,22 kcal ALL OUT,N/A,240s,10,ALL OUT sprints. 4 sets x 22 kcal. Rest 3-5 min between sets. This is maximum effort.
Functional Body Composition v2,10,66,1,Romanian Deadlift,4,8,3-1-1-0,120s,7,"Hips back, neutral spine, feel hamstring stretch. Bar stays close to legs. 2 ramp-up sets first."
Functional Body Composition v2,10,66,2,Lat Pulldown,4,10,3-1-1-0,90s,7,"Pull elbows to ribs, chest tall. Full stretch at the top, squeeze at the bottom."
Functional Body Composition v2,10,66,3,Seated Row Machine,3,12,3-1-1-0,90s,7,"Chest against pad, pull to lower chest. Squeeze shoulder blades together."
Functional Body Composition v2,10,66,4,Cable Face Pulls,3,15,2-2-1-0,60s,7,"Pull to forehead level, externally rotate at the end. Shoulder health focus."
Functional Body Composition v2,10,66,5,Plank Hold,3,45s,N/A,60s,7,"Brace core tight, neutral spine. Squeeze glutes. Don't let hips sag or pike."
Functional Body Composition v2,10,67,1,Cardio Warmup,1,5 min,N/A,,4,"5 min easy pace, then 3x20 sec build-up efforts with 1 min easy between."
Functional Body Composition v2,10,67,2,Steady Tempo Bike,1,26 min,N/A,,6,"Continuous steady effort for 26 minutes at RPE 6. Consistent pace, no stopping. Build aerobic base."
Functional Body Composition v2,10,68,1,Goblet Squat,4,12,3-1-1-0,90s,7,"Hold dumbbell at chest. Sit between knees, upright torso. Full depth."
Functional Body Composition v2,10,68,2,Incline Dumbbell Press,3,10,3-1-1-0,90s,7,"30-degree incline. Control the descent, full range of motion. Shoulder blades pinned."
Functional Body Composition v2,10,68,3,Cable Row,3,12,3-1-1-0,90s,7,"Pull to navel, chest up. Squeeze at the back, controlled release."
Functional Body Composition v2,10,68,4,Walking Lunges,3,12/leg,2-0-1-0,90s,7,"Long stride, upright torso. Control the descent, drive through front heel."
Functional Body Composition v2,10,68,5,Farmer Carry,3,40m,N/A,90s,7,"Heavy but stable posture. Shoulders back and down, tight core, don't lean."
Functional Body Composition v2,10,69,1,Cardio Warmup,1,5 min,N/A,,4,"5 min easy pace on rower, then 3x20 sec build-up efforts with 1 min easy between."
Functional Body Composition v2,10,69,2,Rowing Machine,4,2000m,N/A,240s,8,4 x 2000m at 1:58 per 500m pace. Rest 4 min between sets. Maintain consistent split. This is the engine-builder.
Functional Body Composition v2,10,70,REST,Rest Day,0,0,,,,"Full rest day. Prioritise sleep, hydration, and nutrition. Light walking or stretching if desired."
Functional Body Composition v2,11,71,1,Leg Press,4,10-12,3-1-1-0,120s,7.5,"Knees track over toes, full depth, no bouncing at the bottom. 2 ramp-up sets first."
Functional Body Composition v2,11,71,2,Dumbbell Bench Press,4,8-10,3-1-1-0,90s,7.5,Pin shoulder blades back and down. Slow controlled descent to chest level.
Functional Body Composition v2,11,71,3,Smith Machine Split Squat,3,10/leg,3-1-1-0,90s,7.5,"Upright torso, front knee stable over ankle. Alternate legs each set."
Functional Body Composition v2,11,71,4,Cable Chest Fly,3,12-15,3-1-1-0,60s,7.5,"Squeeze chest at the top, slight bend in elbows. Don't let shoulders roll forward."
Functional Body Composition v2,11,71,5,Hanging Knee Raise,3,12-15,2-1-1-0,60s,7.5,"Control the swing. Curl pelvis up, don't just lift knees. Slow negative."
Functional Body Composition v2,11,72,1,Cardio Warmup,1,5 min,N/A,,4,"5 min easy pace, then 3x20 sec build-up efforts with 1 min easy between."
Functional Body Composition v2,11,72,2,Air Bike Sprints,4,24 kcal ALL OUT,N/A,240s,10,ALL OUT sprints. 4 sets x 24 kcal. Rest 3-5 min between sets. This is maximum effort.
Functional Body Composition v2,11,73,1,Romanian Deadlift,4,8,3-1-1-0,120s,7.5,"Hips back, neutral spine, feel hamstring stretch. Bar stays close to legs. 2 ramp-up sets first."
Functional Body Composition v2,11,73,2,Lat Pulldown,4,10,3-1-1-0,90s,7.5,"Pull elbows to ribs, chest tall. Full stretch at the top, squeeze at the bottom."
Functional Body Composition v2,11,73,3,Seated Row Machine,3,12,3-1-1-0,90s,7.5,"Chest against pad, pull to lower chest. Squeeze shoulder blades together."
Functional Body Composition v2,11,73,4,Cable Face Pulls,3,15,2-2-1-0,60s,7.5,"Pull to forehead level, externally rotate at the end. Shoulder health focus."
Functional Body Composition v2,11,73,5,Plank Hold,3,45s,N/A,60s,7.5,"Brace core tight, neutral spine. Squeeze glutes. Don't let hips sag or pike."
Functional Body Composition v2,11,74,1,Cardio Warmup,1,5 min,N/A,,4,"5 min easy pace, then 3x20 sec build-up efforts with 1 min easy between."
Functional Body Composition v2,11,74,2,Steady Tempo Treadmill Run,1,29 min,N/A,,7,"Continuous steady effort for 29 minutes at RPE 7. Consistent pace, no stopping. Build aerobic base."
Functional Body Composition v2,11,75,1,Goblet Squat,4,12,3-1-1-0,90s,7.5,"Hold dumbbell at chest. Sit between knees, upright torso. Full depth."
Functional Body Composition v2,11,75,2,Incline Dumbbell Press,3,10,3-1-1-0,90s,7.5,"30-degree incline. Control the descent, full range of motion. Shoulder blades pinned."
Functional Body Composition v2,11,75,3,Cable Row,3,12,3-1-1-0,90s,7.5,"Pull to navel, chest up. Squeeze at the back, controlled release."
Functional Body Composition v2,11,75,4,Walking Lunges,3,12/leg,2-0-1-0,90s,7.5,"Long stride, upright torso. Control the descent, drive through front heel."
Functional Body Composition v2,11,75,5,Farmer Carry,3,40m,N/A,90s,7.5,"Heavy but stable posture. Shoulders back and down, tight core, don't lean."
Functional Body Composition v2,11,76,1,Cardio Warmup,1,5 min,N/A,,4,"5 min easy pace on rower, then 3x20 sec build-up efforts with 1 min easy between."
Functional Body Composition v2,11,76,2,Rowing Machine,4,2000m,N/A,240s,8,4 x 2000m at 1:57 per 500m pace. Rest 4 min between sets. Maintain consistent split. This is the engine-builder.
Functional Body Composition v2,11,77,REST,Rest Day,0,0,,,,"Full rest day. Prioritise sleep, hydration, and nutrition. Light walking or stretching if desired."
Functional Body Composition v2,12,78,1,Leg Press,4,10-12,3-1-1-0,120s,8,"Knees track over toes, full depth, no bouncing at the bottom. 2 ramp-up sets first."
Functional Body Composition v2,12,78,2,Dumbbell Bench Press,4,8-10,3-1-1-0,90s,8,Pin shoulder blades back and down. Slow controlled descent to chest level.
Functional Body Composition v2,12,78,3,Smith Machine Split Squat,3,10/leg,3-1-1-0,90s,8,"Upright torso, front knee stable over ankle. Alternate legs each set."
Functional Body Composition v2,12,78,4,Cable Chest Fly,3,12-15,3-1-1-0,60s,8,"Squeeze chest at the top, slight bend in elbows. Don't let shoulders roll forward."
Functional Body Composition v2,12,78,5,Hanging Knee Raise,3,12-15,2-1-1-0,60s,8,"Control the swing. Curl pelvis up, don't just lift knees. Slow negative."
Functional Body Composition v2,12,79,1,Cardio Warmup,1,5 min,N/A,,4,"5 min easy pace, then 3x20 sec build-up efforts with 1 min easy between."
Functional Body Composition v2,12,79,2,Self-Powered Treadmill Sprints,5,24 kcal ALL OUT,N/A,240s,10,ALL OUT sprints. 5 sets x 24 kcal. Rest 3-5 min between sets. This is maximum effort.
Functional Body Composition v2,12,80,1,Romanian Deadlift,4,8,3-1-1-0,120s,8,"Hips back, neutral spine, feel hamstring stretch. Bar stays close to legs. 2 ramp-up sets first."
Functional Body Composition v2,12,80,2,Lat Pulldown,4,10,3-1-1-0,90s,8,"Pull elbows to ribs, chest tall. Full stretch at the top, squeeze at the bottom."
Functional Body Composition v2,12,80,3,Seated Row Machine,3,12,3-1-1-0,90s,8,"Chest against pad, pull to lower chest. Squeeze shoulder blades together."
Functional Body Composition v2,12,80,4,Cable Face Pulls,3,15,2-2-1-0,60s,8,"Pull to forehead level, externally rotate at the end. Shoulder health focus."
Functional Body Composition v2,12,80,5,Plank Hold,3,45s,N/A,60s,8,"Brace core tight, neutral spine. Squeeze glutes. Don't let hips sag or pike."
Functional Body Composition v2,12,81,1,Cardio Warmup,1,5 min,N/A,,4,"5 min easy pace, then 3x20 sec build-up efforts with 1 min easy between."
Functional Body Composition v2,12,81,2,Steady Tempo Bike,1,32 min,N/A,,7,"Continuous steady effort for 32 minutes at RPE 7. Consistent pace, no stopping. Build aerobic base."
Functional Body Composition v2,12,82,1,Goblet Squat,4,12,3-1-1-0,90s,8,"Hold dumbbell at chest. Sit between knees, upright torso. Full depth."
Functional Body Composition v2,12,82,2,Incline Dumbbell Press,3,10,3-1-1-0,90s,8,"30-degree incline. Control the descent, full range of motion. Shoulder blades pinned."
Functional Body Composition v2,12,82,3,Cable Row,3,12,3-1-1-0,90s,8,"Pull to navel, chest up. Squeeze at the back, controlled release."
Functional Body Composition v2,12,82,4,Walking Lunges,3,12/leg,2-0-1-0,90s,8,"Long stride, upright torso. Control the descent, drive through front heel."
Functional Body Composition v2,12,82,5,Farmer Carry,3,40m,N/A,90s,8,"Heavy but stable posture. Shoulders back and down, tight core, don't lean."
Functional Body Composition v2,12,83,1,Cardio Warmup,1,5 min,N/A,,4,"5 min easy pace on rower, then 3x20 sec build-up efforts with 1 min easy between."
Functional Body Composition v2,12,83,2,Rowing Machine,5,2000m,N/A,240s,8,5 x 2000m at 1:57 per 500m pace. Rest 4 min between sets. Maintain consistent split. This is the engine-builder.
Functional Body Composition v2,12,84,REST,Rest Day,0,0,,,,"Full rest day. Prioritise sleep, hydration, and nutrition. Light walking or stretching if desired."
Functional Body Composition v2,13,85,1,Leg Press,4,10-12,3-1-1-0,120s,8,"Knees track over toes, full depth, no bouncing at the bottom. 2 ramp-up sets first."
Functional Body Composition v2,13,85,2,Dumbbell Bench Press,4,8-10,3-1-1-0,90s,8,Pin shoulder blades back and down. Slow controlled descent to chest level.
Functional Body Composition v2,13,85,3,Smith Machine Split Squat,3,10/leg,3-1-1-0,90s,8,"Upright torso, front knee stable over ankle. Alternate legs each set."
Functional Body Composition v2,13,85,4,Cable Chest Fly,3,12-15,3-1-1-0,60s,8,"Squeeze chest at the top, slight bend in elbows. Don't let shoulders roll forward."
Functional Body Composition v2,13,85,5,Hanging Knee Raise,3,12-15,2-1-1-0,60s,8,"Control the swing. Curl pelvis up, don't just lift knees. Slow negative."
Functional Body Composition v2,13,86,1,Cardio Warmup,1,5 min,N/A,,4,"5 min easy pace, then 3x20 sec build-up efforts with 1 min easy between."
Functional Body Composition v2,13,86,2,Air Bike Sprints,5,25 kcal ALL OUT,N/A,240s,10,ALL OUT sprints. 5 sets x 25 kcal. Rest 3-5 min between sets. This is maximum effort.
Functional Body Composition v2,13,87,1,Romanian Deadlift,4,8,3-1-1-0,120s,8,"Hips back, neutral spine, feel hamstring stretch. Bar stays close to legs. 2 ramp-up sets first."
Functional Body Composition v2,13,87,2,Lat Pulldown,4,10,3-1-1-0,90s,8,"Pull elbows to ribs, chest tall. Full stretch at the top, squeeze at the bottom."
Functional Body Composition v2,13,87,3,Seated Row Machine,3,12,3-1-1-0,90s,8,"Chest against pad, pull to lower chest. Squeeze shoulder blades together."
Functional Body Composition v2,13,87,4,Cable Face Pulls,3,15,2-2-1-0,60s,8,"Pull to forehead level, externally rotate at the end. Shoulder health focus."
Functional Body Composition v2,13,87,5,Plank Hold,3,45s,N/A,60s,8,"Brace core tight, neutral spine. Squeeze glutes. Don't let hips sag or pike."
Functional Body Composition v2,13,88,1,Cardio Warmup,1,5 min,N/A,,4,"5 min easy pace, then 3x20 sec build-up efforts with 1 min easy between."
Functional Body Composition v2,13,88,2,Steady Tempo Treadmill Run,1,35 min,N/A,,7,"Continuous steady effort for 35 minutes at RPE 7. Consistent pace, no stopping. Build aerobic base."
Functional Body Composition v2,13,89,1,Goblet Squat,4,12,3-1-1-0,90s,8,"Hold dumbbell at chest. Sit between knees, upright torso. Full depth."
Functional Body Composition v2,13,89,2,Incline Dumbbell Press,3,10,3-1-1-0,90s,8,"30-degree incline. Control the descent, full range of motion. Shoulder blades pinned."
Functional Body Composition v2,13,89,3,Cable Row,3,12,3-1-1-0,90s,8,"Pull to navel, chest up. Squeeze at the back, controlled release."
Functional Body Composition v2,13,89,4,Walking Lunges,3,12/leg,2-0-1-0,90s,8,"Long stride, upright torso. Control the descent, drive through front heel."
Functional Body Composition v2,13,89,5,Farmer Carry,3,40m,N/A,90s,8,"Heavy but stable posture. Shoulders back and down, tight core, don't lean."
Functional Body Composition v2,13,90,1,Cardio Warmup,1,5 min,N/A,,4,"5 min easy pace on rower, then 3x20 sec build-up efforts with 1 min easy between."
Functional Body Composition v2,13,90,2,Rowing Machine,5,2000m,N/A,240s,8,5 x 2000m at 1:55 per 500m pace. Rest 4 min between sets. Maintain consistent split. This is the engine-builder.
Functional Body Composition v2,13,91,REST,Rest Day,0,0,,,,"Full rest day. Prioritise sleep, hydration, and nutrition. Light walking or stretching if desired."
Functional Body Composition v2,14,92,1,Leg Press,3,10,3-1-1-0,120s,5,70% of working weight. Focus on perfect form and control.
Functional Body Composition v2,14,92,2,Dumbbell Bench Press,3,8,3-1-1-0,90s,5,"70% of working weight. Slow tempo, technique focus."
Functional Body Composition v2,14,92,3,Cable Chest Fly,2,12,3-1-1-0,60s,5,"Light weight, focus on mind-muscle connection."
Functional Body Composition v2,14,92,4,Plank Hold,2,30s,N/A,60s,5,Easy hold. Focus on breathing and bracing.
Functional Body Composition v2,14,93,1,Cardio Warmup,1,5 min,N/A,,4,"5 min easy pace, then 3x20 sec build-up efforts with 1 min easy between."
Functional Body Composition v2,14,93,2,Air Bike or Self-Powered Treadmill Sprints,2,15 kcal,N/A,180s,7,"DELOAD: Half volume, no all-out effort. 70% intensity. Focus on form and breathing."
Functional Body Composition v2,14,94,1,Romanian Deadlift,3,8,3-1-1-0,120s,5,70% of working weight. Perfect hip hinge pattern.
Functional Body Composition v2,14,94,2,Lat Pulldown,3,10,3-1-1-0,90s,5,"70% of working weight. Full range of motion, slow negative."
Functional Body Composition v2,14,94,3,Cable Face Pulls,2,15,2-2-1-0,60s,5,Light. Shoulder health and mobility focus.
Functional Body Composition v2,14,94,4,Dead Hang,2,30s,N/A,60s,5,"Relax shoulders, decompress spine. Grip work."
Functional Body Composition v2,14,95,1,Cardio Warmup,1,5 min,N/A,,4,"5 min easy pace, then 3x20 sec build-up efforts with 1 min easy between."
Functional Body Composition v2,14,95,2,Easy Tempo Run or Bike,1,15 min,N/A,,5,"DELOAD: Easy continuous effort. 50% of normal volume. Keep heart rate low, focus on breathing rhythm."
Functional Body Composition v2,14,96,1,Goblet Squat,3,10,3-1-1-0,90s,5,"70% of working weight. Deep squat, focus on mobility."
Functional Body Composition v2,14,96,2,Incline Dumbbell Press,2,10,3-1-1-0,90s,5,Light. Technique and range of motion focus.
Functional Body Composition v2,14,96,3,Walking Lunges,2,10/leg,2-0-1-0,90s,5,Bodyweight or very light. Balance and stability focus.
Functional Body Composition v2,14,96,4,Farmer Carry,2,30m,N/A,90s,5,Moderate weight. Posture focus.
Functional Body Composition v2,14,97,1,Cardio Warmup,1,5 min,N/A,,4,"5 min easy pace on rower, then 3x20 sec build-up efforts with 1 min easy between."
Functional Body Composition v2,14,97,2,Rowing Machine,2,2000m,N/A,300s,5,DELOAD: 2 x 2000m at easy pace (2:05+ per 500m). Rest 5 min. Focus on technique and breathing.
Functional Body Composition v2,14,98,REST,Rest Day,0,0,,,,"Full rest day. Prioritise sleep, hydration, and nutrition. Light walking or stretching if desired."
Functional Body Composition v2,15,99,1,Leg Press,4,10-12,3-1-1-0,120s,6,"Knees track over toes, full depth, no bouncing at the bottom. 2 ramp-up sets first."
Functional Body Composition v2,15,99,2,Dumbbell Bench Press,4,8-10,3-1-1-0,90s,6,Pin shoulder blades back and down. Slow controlled descent to chest level.
Functional Body Composition v2,15,99,3,Smith Machine Split Squat,3,10/leg,3-1-1-0,90s,6,"Upright torso, front knee stable over ankle. Alternate legs each set."
Functional Body Composition v2,15,99,4,Cable Chest Fly,3,12-15,3-1-1-0,60s,6,"Squeeze chest at the top, slight bend in elbows. Don't let shoulders roll forward."
Functional Body Composition v2,15,99,5,Hanging Knee Raise,3,12-15,2-1-1-0,60s,6,"Control the swing. Curl pelvis up, don't just lift knees. Slow negative."
Functional Body Composition v2,15,100,1,Cardio Warmup,1,5 min,N/A,,4,"5 min easy pace, then 3x20 sec build-up efforts with 1 min easy between."
Functional Body Composition v2,15,100,2,Air Bike Sprints,3,20 kcal ALL OUT,N/A,240s,10,ALL OUT sprints. 3 sets x 20 kcal. Rest 3-5 min between sets. This is maximum effort.
Functional Body Composition v2,15,101,1,Romanian Deadlift,4,8,3-1-1-0,120s,6,"Hips back, neutral spine, feel hamstring stretch. Bar stays close to legs. 2 ramp-up sets first."
Functional Body Composition v2,15,101,2,Lat Pulldown,4,10,3-1-1-0,90s,6,"Pull elbows to ribs, chest tall. Full stretch at the top, squeeze at the bottom."
Functional Body Composition v2,15,101,3,Seated Row Machine,3,12,3-1-1-0,90s,6,"Chest against pad, pull to lower chest. Squeeze shoulder blades together."
Functional Body Composition v2,15,101,4,Cable Face Pulls,3,15,2-2-1-0,60s,6,"Pull to forehead level, externally rotate at the end. Shoulder health focus."
Functional Body Composition v2,15,101,5,Plank Hold,3,45s,N/A,60s,6,"Brace core tight, neutral spine. Squeeze glutes. Don't let hips sag or pike."
Functional Body Composition v2,15,102,1,Cardio Warmup,1,5 min,N/A,,4,"5 min easy pace, then 3x20 sec build-up efforts with 1 min easy between."
Functional Body Composition v2,15,102,2,Steady Tempo Treadmill Run,1,20 min,N/A,,6,"Continuous steady effort for 20 minutes at RPE 6. Consistent pace, no stopping. Build aerobic base."
Functional Body Composition v2,15,103,1,Goblet Squat,4,12,3-1-1-0,90s,6,"Hold dumbbell at chest. Sit between knees, upright torso. Full depth."
Functional Body Composition v2,15,103,2,Incline Dumbbell Press,3,10,3-1-1-0,90s,6,"30-degree incline. Control the descent, full range of motion. Shoulder blades pinned."
Functional Body Composition v2,15,103,3,Cable Row,3,12,3-1-1-0,90s,6,"Pull to navel, chest up. Squeeze at the back, controlled release."
Functional Body Composition v2,15,103,4,Walking Lunges,3,12/leg,2-0-1-0,90s,6,"Long stride, upright torso. Control the descent, drive through front heel."
Functional Body Composition v2,15,103,5,Farmer Carry,3,40m,N/A,90s,6,"Heavy but stable posture. Shoulders back and down, tight core, don't lean."
Functional Body Composition v2,15,104,1,Cardio Warmup,1,5 min,N/A,,4,"5 min easy pace on rower, then 3x20 sec build-up efforts with 1 min easy between."
Functional Body Composition v2,15,104,2,Rowing Machine,3,2000m,N/A,240s,8,3 x 2000m at 2:00 per 500m pace. Rest 4 min between sets. Maintain consistent split. This is the engine-builder.
Functional Body Composition v2,15,105,REST,Rest Day,0,0,,,,"Full rest day. Prioritise sleep, hydration, and nutrition. Light walking or stretching if desired."
Functional Body Composition v2,16,106,1,Leg Press,4,10-12,3-1-1-0,120s,6.5,"Knees track over toes, full depth, no bouncing at the bottom. 2 ramp-up sets first."
Functional Body Composition v2,16,106,2,Dumbbell Bench Press,4,8-10,3-1-1-0,90s,6.5,Pin shoulder blades back and down. Slow controlled descent to chest level.
Functional Body Composition v2,16,106,3,Smith Machine Split Squat,3,10/leg,3-1-1-0,90s,6.5,"Upright torso, front knee stable over ankle. Alternate legs each set."
Functional Body Composition v2,16,106,4,Cable Chest Fly,3,12-15,3-1-1-0,60s,6.5,"Squeeze chest at the top, slight bend in elbows. Don't let shoulders roll forward."
Functional Body Composition v2,16,106,5,Hanging Knee Raise,3,12-15,2-1-1-0,60s,6.5,"Control the swing. Curl pelvis up, don't just lift knees. Slow negative."
Functional Body Composition v2,16,107,1,Cardio Warmup,1,5 min,N/A,,4,"5 min easy pace, then 3x20 sec build-up efforts with 1 min easy between."
Functional Body Composition v2,16,107,2,Self-Powered Treadmill Sprints,3,22 kcal ALL OUT,N/A,240s,10,ALL OUT sprints. 3 sets x 22 kcal. Rest 3-5 min between sets. This is maximum effort.
Functional Body Composition v2,16,108,1,Romanian Deadlift,4,8,3-1-1-0,120s,6.5,"Hips back, neutral spine, feel hamstring stretch. Bar stays close to legs. 2 ramp-up sets first."
Functional Body Composition v2,16,108,2,Lat Pulldown,4,10,3-1-1-0,90s,6.5,"Pull elbows to ribs, chest tall. Full stretch at the top, squeeze at the bottom."
Functional Body Composition v2,16,108,3,Seated Row Machine,3,12,3-1-1-0,90s,6.5,"Chest against pad, pull to lower chest. Squeeze shoulder blades together."
Functional Body Composition v2,16,108,4,Cable Face Pulls,3,15,2-2-1-0,60s,6.5,"Pull to forehead level, externally rotate at the end. Shoulder health focus."
Functional Body Composition v2,16,108,5,Plank Hold,3,45s,N/A,60s,6.5,"Brace core tight, neutral spine. Squeeze glutes. Don't let hips sag or pike."
Functional Body Composition v2,16,109,1,Cardio Warmup,1,5 min,N/A,,4,"5 min easy pace, then 3x20 sec build-up efforts with 1 min easy between."
Functional Body Composition v2,16,109,2,Steady Tempo Bike,1,23 min,N/A,,6,"Continuous steady effort for 23 minutes at RPE 6. Consistent pace, no stopping. Build aerobic base."
Functional Body Composition v2,16,110,1,Goblet Squat,4,12,3-1-1-0,90s,6.5,"Hold dumbbell at chest. Sit between knees, upright torso. Full depth."
Functional Body Composition v2,16,110,2,Incline Dumbbell Press,3,10,3-1-1-0,90s,6.5,"30-degree incline. Control the descent, full range of motion. Shoulder blades pinned."
Functional Body Composition v2,16,110,3,Cable Row,3,12,3-1-1-0,90s,6.5,"Pull to navel, chest up. Squeeze at the back, controlled release."
Functional Body Composition v2,16,110,4,Walking Lunges,3,12/leg,2-0-1-0,90s,6.5,"Long stride, upright torso. Control the descent, drive through front heel."
Functional Body Composition v2,16,110,5,Farmer Carry,3,40m,N/A,90s,6.5,"Heavy but stable posture. Shoulders back and down, tight core, don't lean."
Functional Body Composition v2,16,111,1,Cardio Warmup,1,5 min,N/A,,4,"5 min easy pace on rower, then 3x20 sec build-up efforts with 1 min easy between."
Functional Body Composition v2,16,111,2,Rowing Machine,3,2000m,N/A,240s,8,3 x 2000m at 1:59 per 500m pace. Rest 4 min between sets. Maintain consistent split. This is the engine-builder.
Functional Body Composition v2,16,112,REST,Rest Day,0,0,,,,"Full rest day. Prioritise sleep, hydration, and nutrition. Light walking or stretching if desired."
Functional Body Composition v2,17,113,1,Leg Press,4,10-12,3-1-1-0,120s,7,"Knees track over toes, full depth, no bouncing at the bottom. 2 ramp-up sets first."
Functional Body Composition v2,17,113,2,Dumbbell Bench Press,4,8-10,3-1-1-0,90s,7,Pin shoulder blades back and down. Slow controlled descent to chest level.
Functional Body Composition v2,17,113,3,Smith Machine Split Squat,3,10/leg,3-1-1-0,90s,7,"Upright torso, front knee stable over ankle. Alternate legs each set."
Functional Body Composition v2,17,113,4,Cable Chest Fly,3,12-15,3-1-1-0,60s,7,"Squeeze chest at the top, slight bend in elbows. Don't let shoulders roll forward."
Functional Body Composition v2,17,113,5,Hanging Knee Raise,3,12-15,2-1-1-0,60s,7,"Control the swing. Curl pelvis up, don't just lift knees. Slow negative."
Functional Body Composition v2,17,114,1,Cardio Warmup,1,5 min,N/A,,4,"5 min easy pace, then 3x20 sec build-up efforts with 1 min easy between."
Functional Body Composition v2,17,114,2,Air Bike Sprints,4,22 kcal ALL OUT,N/A,240s,10,ALL OUT sprints. 4 sets x 22 kcal. Rest 3-5 min between sets. This is maximum effort.
Functional Body Composition v2,17,115,1,Romanian Deadlift,4,8,3-1-1-0,120s,7,"Hips back, neutral spine, feel hamstring stretch. Bar stays close to legs. 2 ramp-up sets first."
Functional Body Composition v2,17,115,2,Lat Pulldown,4,10,3-1-1-0,90s,7,"Pull elbows to ribs, chest tall. Full stretch at the top, squeeze at the bottom."
Functional Body Composition v2,17,115,3,Seated Row Machine,3,12,3-1-1-0,90s,7,"Chest against pad, pull to lower chest. Squeeze shoulder blades together."
Functional Body Composition v2,17,115,4,Cable Face Pulls,3,15,2-2-1-0,60s,7,"Pull to forehead level, externally rotate at the end. Shoulder health focus."
Functional Body Composition v2,17,115,5,Plank Hold,3,45s,N/A,60s,7,"Brace core tight, neutral spine. Squeeze glutes. Don't let hips sag or pike."
Functional Body Composition v2,17,116,1,Cardio Warmup,1,5 min,N/A,,4,"5 min easy pace, then 3x20 sec build-up efforts with 1 min easy between."
Functional Body Composition v2,17,116,2,Steady Tempo Treadmill Run,1,26 min,N/A,,6,"Continuous steady effort for 26 minutes at RPE 6. Consistent pace, no stopping. Build aerobic base."
Functional Body Composition v2,17,117,1,Goblet Squat,4,12,3-1-1-0,90s,7,"Hold dumbbell at chest. Sit between knees, upright torso. Full depth."
Functional Body Composition v2,17,117,2,Incline Dumbbell Press,3,10,3-1-1-0,90s,7,"30-degree incline. Control the descent, full range of motion. Shoulder blades pinned."
Functional Body Composition v2,17,117,3,Cable Row,3,12,3-1-1-0,90s,7,"Pull to navel, chest up. Squeeze at the back, controlled release."
Functional Body Composition v2,17,117,4,Walking Lunges,3,12/leg,2-0-1-0,90s,7,"Long stride, upright torso. Control the descent, drive through front heel."
Functional Body Composition v2,17,117,5,Farmer Carry,3,40m,N/A,90s,7,"Heavy but stable posture. Shoulders back and down, tight core, don't lean."
Functional Body Composition v2,17,118,1,Cardio Warmup,1,5 min,N/A,,4,"5 min easy pace on rower, then 3x20 sec build-up efforts with 1 min easy between."
Functional Body Composition v2,17,118,2,Rowing Machine,4,2000m,N/A,240s,8,4 x 2000m at 1:58 per 500m pace. Rest 4 min between sets. Maintain consistent split. This is the engine-builder.
Functional Body Composition v2,17,119,REST,Rest Day,0,0,,,,"Full rest day. Prioritise sleep, hydration, and nutrition. Light walking or stretching if desired."
Functional Body Composition v2,18,120,1,Leg Press,4,10-12,3-1-1-0,120s,7.5,"Knees track over toes, full depth, no bouncing at the bottom. 2 ramp-up sets first."
Functional Body Composition v2,18,120,2,Dumbbell Bench Press,4,8-10,3-1-1-0,90s,7.5,Pin shoulder blades back and down. Slow controlled descent to chest level.
Functional Body Composition v2,18,120,3,Smith Machine Split Squat,3,10/leg,3-1-1-0,90s,7.5,"Upright torso, front knee stable over ankle. Alternate legs each set."
Functional Body Composition v2,18,120,4,Cable Chest Fly,3,12-15,3-1-1-0,60s,7.5,"Squeeze chest at the top, slight bend in elbows. Don't let shoulders roll forward."
Functional Body Composition v2,18,120,5,Hanging Knee Raise,3,12-15,2-1-1-0,60s,7.5,"Control the swing. Curl pelvis up, don't just lift knees. Slow negative."
Functional Body Composition v2,18,121,1,Cardio Warmup,1,5 min,N/A,,4,"5 min easy pace, then 3x20 sec build-up efforts with 1 min easy between."
Functional Body Composition v2,18,121,2,Self-Powered Treadmill Sprints,4,24 kcal ALL OUT,N/A,240s,10,ALL OUT sprints. 4 sets x 24 kcal. Rest 3-5 min between sets. This is maximum effort.
Functional Body Composition v2,18,122,1,Romanian Deadlift,4,8,3-1-1-0,120s,7.5,"Hips back, neutral spine, feel hamstring stretch. Bar stays close to legs. 2 ramp-up sets first."
Functional Body Composition v2,18,122,2,Lat Pulldown,4,10,3-1-1-0,90s,7.5,"Pull elbows to ribs, chest tall. Full stretch at the top, squeeze at the bottom."
Functional Body Composition v2,18,122,3,Seated Row Machine,3,12,3-1-1-0,90s,7.5,"Chest against pad, pull to lower chest. Squeeze shoulder blades together."
Functional Body Composition v2,18,122,4,Cable Face Pulls,3,15,2-2-1-0,60s,7.5,"Pull to forehead level, externally rotate at the end. Shoulder health focus."
Functional Body Composition v2,18,122,5,Plank Hold,3,45s,N/A,60s,7.5,"Brace core tight, neutral spine. Squeeze glutes. Don't let hips sag or pike."
Functional Body Composition v2,18,123,1,Cardio Warmup,1,5 min,N/A,,4,"5 min easy pace, then 3x20 sec build-up efforts with 1 min easy between."
Functional Body Composition v2,18,123,2,Steady Tempo Bike,1,29 min,N/A,,7,"Continuous steady effort for 29 minutes at RPE 7. Consistent pace, no stopping. Build aerobic base."
Functional Body Composition v2,18,124,1,Goblet Squat,4,12,3-1-1-0,90s,7.5,"Hold dumbbell at chest. Sit between knees, upright torso. Full depth."
Functional Body Composition v2,18,124,2,Incline Dumbbell Press,3,10,3-1-1-0,90s,7.5,"30-degree incline. Control the descent, full range of motion. Shoulder blades pinned."
Functional Body Composition v2,18,124,3,Cable Row,3,12,3-1-1-0,90s,7.5,"Pull to navel, chest up. Squeeze at the back, controlled release."
Functional Body Composition v2,18,124,4,Walking Lunges,3,12/leg,2-0-1-0,90s,7.5,"Long stride, upright torso. Control the descent, drive through front heel."
Functional Body Composition v2,18,124,5,Farmer Carry,3,40m,N/A,90s,7.5,"Heavy but stable posture. Shoulders back and down, tight core, don't lean."
Functional Body Composition v2,18,125,1,Cardio Warmup,1,5 min,N/A,,4,"5 min easy pace on rower, then 3x20 sec build-up efforts with 1 min easy between."
Functional Body Composition v2,18,125,2,Rowing Machine,4,2000m,N/A,240s,8,4 x 2000m at 1:57 per 500m pace. Rest 4 min between sets. Maintain consistent split. This is the engine-builder.
Functional Body Composition v2,18,126,REST,Rest Day,0,0,,,,"Full rest day. Prioritise sleep, hydration, and nutrition. Light walking or stretching if desired."
Functional Body Composition v2,19,127,1,Leg Press,4,10-12,3-1-1-0,120s,8,"Knees track over toes, full depth, no bouncing at the bottom. 2 ramp-up sets first."
Functional Body Composition v2,19,127,2,Dumbbell Bench Press,4,8-10,3-1-1-0,90s,8,Pin shoulder blades back and down. Slow controlled descent to chest level.
Functional Body Composition v2,19,127,3,Smith Machine Split Squat,3,10/leg,3-1-1-0,90s,8,"Upright torso, front knee stable over ankle. Alternate legs each set."
Functional Body Composition v2,19,127,4,Cable Chest Fly,3,12-15,3-1-1-0,60s,8,"Squeeze chest at the top, slight bend in elbows. Don't let shoulders roll forward."
Functional Body Composition v2,19,127,5,Hanging Knee Raise,3,12-15,2-1-1-0,60s,8,"Control the swing. Curl pelvis up, don't just lift knees. Slow negative."
Functional Body Composition v2,19,128,1,Cardio Warmup,1,5 min,N/A,,4,"5 min easy pace, then 3x20 sec build-up efforts with 1 min easy between."
Functional Body Composition v2,19,128,2,Air Bike Sprints,5,24 kcal ALL OUT,N/A,240s,10,ALL OUT sprints. 5 sets x 24 kcal. Rest 3-5 min between sets. This is maximum effort.
Functional Body Composition v2,19,129,1,Romanian Deadlift,4,8,3-1-1-0,120s,8,"Hips back, neutral spine, feel hamstring stretch. Bar stays close to legs. 2 ramp-up sets first."
Functional Body Composition v2,19,129,2,Lat Pulldown,4,10,3-1-1-0,90s,8,"Pull elbows to ribs, chest tall. Full stretch at the top, squeeze at the bottom."
Functional Body Composition v2,19,129,3,Seated Row Machine,3,12,3-1-1-0,90s,8,"Chest against pad, pull to lower chest. Squeeze shoulder blades together."
Functional Body Composition v2,19,129,4,Cable Face Pulls,3,15,2-2-1-0,60s,8,"Pull to forehead level, externally rotate at the end. Shoulder health focus."
Functional Body Composition v2,19,129,5,Plank Hold,3,45s,N/A,60s,8,"Brace core tight, neutral spine. Squeeze glutes. Don't let hips sag or pike."
Functional Body Composition v2,19,130,1,Cardio Warmup,1,5 min,N/A,,4,"5 min easy pace, then 3x20 sec build-up efforts with 1 min easy between."
Functional Body Composition v2,19,130,2,Steady Tempo Treadmill Run,1,32 min,N/A,,7,"Continuous steady effort for 32 minutes at RPE 7. Consistent pace, no stopping. Build aerobic base."
Functional Body Composition v2,19,131,1,Goblet Squat,4,12,3-1-1-0,90s,8,"Hold dumbbell at chest. Sit between knees, upright torso. Full depth."
Functional Body Composition v2,19,131,2,Incline Dumbbell Press,3,10,3-1-1-0,90s,8,"30-degree incline. Control the descent, full range of motion. Shoulder blades pinned."
Functional Body Composition v2,19,131,3,Cable Row,3,12,3-1-1-0,90s,8,"Pull to navel, chest up. Squeeze at the back, controlled release."
Functional Body Composition v2,19,131,4,Walking Lunges,3,12/leg,2-0-1-0,90s,8,"Long stride, upright torso. Control the descent, drive through front heel."
Functional Body Composition v2,19,131,5,Farmer Carry,3,40m,N/A,90s,8,"Heavy but stable posture. Shoulders back and down, tight core, don't lean."
Functional Body Composition v2,19,132,1,Cardio Warmup,1,5 min,N/A,,4,"5 min easy pace on rower, then 3x20 sec build-up efforts with 1 min easy between."
Functional Body Composition v2,19,132,2,Rowing Machine,5,2000m,N/A,240s,8,5 x 2000m at 1:57 per 500m pace. Rest 4 min between sets. Maintain consistent split. This is the engine-builder.
Functional Body Composition v2,19,133,REST,Rest Day,0,0,,,,"Full rest day. Prioritise sleep, hydration, and nutrition. Light walking or stretching if desired."
Functional Body Composition v2,20,134,1,Leg Press,4,10-12,3-1-1-0,120s,8,"Knees track over toes, full depth, no bouncing at the bottom. 2 ramp-up sets first."
Functional Body Composition v2,20,134,2,Dumbbell Bench Press,4,8-10,3-1-1-0,90s,8,Pin shoulder blades back and down. Slow controlled descent to chest level.
Functional Body Composition v2,20,134,3,Smith Machine Split Squat,3,10/leg,3-1-1-0,90s,8,"Upright torso, front knee stable over ankle. Alternate legs each set."
Functional Body Composition v2,20,134,4,Cable Chest Fly,3,12-15,3-1-1-0,60s,8,"Squeeze chest at the top, slight bend in elbows. Don't let shoulders roll forward."
Functional Body Composition v2,20,134,5,Hanging Knee Raise,3,12-15,2-1-1-0,60s,8,"Control the swing. Curl pelvis up, don't just lift knees. Slow negative."
Functional Body Composition v2,20,135,1,Cardio Warmup,1,5 min,N/A,,4,"5 min easy pace, then 3x20 sec build-up efforts with 1 min easy between."
Functional Body Composition v2,20,135,2,Self-Powered Treadmill Sprints,5,25 kcal ALL OUT,N/A,240s,10,ALL OUT sprints. 5 sets x 25 kcal. Rest 3-5 min between sets. This is maximum effort.
Functional Body Composition v2,20,136,1,Romanian Deadlift,4,8,3-1-1-0,120s,8,"Hips back, neutral spine, feel hamstring stretch. Bar stays close to legs. 2 ramp-up sets first."
Functional Body Composition v2,20,136,2,Lat Pulldown,4,10,3-1-1-0,90s,8,"Pull elbows to ribs, chest tall. Full stretch at the top, squeeze at the bottom."
Functional Body Composition v2,20,136,3,Seated Row Machine,3,12,3-1-1-0,90s,8,"Chest against pad, pull to lower chest. Squeeze shoulder blades together."
Functional Body Composition v2,20,136,4,Cable Face Pulls,3,15,2-2-1-0,60s,8,"Pull to forehead level, externally rotate at the end. Shoulder health focus."
Functional Body Composition v2,20,136,5,Plank Hold,3,45s,N/A,60s,8,"Brace core tight, neutral spine. Squeeze glutes. Don't let hips sag or pike."
Functional Body Composition v2,20,137,1,Cardio Warmup,1,5 min,N/A,,4,"5 min easy pace, then 3x20 sec build-up efforts with 1 min easy between."
Functional Body Composition v2,20,137,2,Steady Tempo Bike,1,35 min,N/A,,7,"Continuous steady effort for 35 minutes at RPE 7. Consistent pace, no stopping. Build aerobic base."
Functional Body Composition v2,20,138,1,Goblet Squat,4,12,3-1-1-0,90s,8,"Hold dumbbell at chest. Sit between knees, upright torso. Full depth."
Functional Body Composition v2,20,138,2,Incline Dumbbell Press,3,10,3-1-1-0,90s,8,"30-degree incline. Control the descent, full range of motion. Shoulder blades pinned."
Functional Body Composition v2,20,138,3,Cable Row,3,12,3-1-1-0,90s,8,"Pull to navel, chest up. Squeeze at the back, controlled release."
Functional Body Composition v2,20,138,4,Walking Lunges,3,12/leg,2-0-1-0,90s,8,"Long stride, upright torso. Control the descent, drive through front heel."
Functional Body Composition v2,20,138,5,Farmer Carry,3,40m,N/A,90s,8,"Heavy but stable posture. Shoulders back and down, tight core, don't lean."
Functional Body Composition v2,20,139,1,Cardio Warmup,1,5 min,N/A,,4,"5 min easy pace on rower, then 3x20 sec build-up efforts with 1 min easy between."
Functional Body Composition v2,20,139,2,Rowing Machine,5,2000m,N/A,240s,8,5 x 2000m at 1:55 per 500m pace. Rest 4 min between sets. Maintain consistent split. This is the engine-builder.
Functional Body Composition v2,20,140,REST,Rest Day,0,0,,,,"Full rest day. Prioritise sleep, hydration, and nutrition. Light walking or stretching if desired."
Functional Body Composition v2,21,141,1,Leg Press,3,10,3-1-1-0,120s,5,70% of working weight. Focus on perfect form and control.
Functional Body Composition v2,21,141,2,Dumbbell Bench Press,3,8,3-1-1-0,90s,5,"70% of working weight. Slow tempo, technique focus."
Functional Body Composition v2,21,141,3,Cable Chest Fly,2,12,3-1-1-0,60s,5,"Light weight, focus on mind-muscle connection."
Functional Body Composition v2,21,141,4,Plank Hold,2,30s,N/A,60s,5,Easy hold. Focus on breathing and bracing.
Functional Body Composition v2,21,142,1,Cardio Warmup,1,5 min,N/A,,4,"5 min easy pace, then 3x20 sec build-up efforts with 1 min easy between."
Functional Body Composition v2,21,142,2,Air Bike or Self-Powered Treadmill Sprints,2,15 kcal,N/A,180s,7,"DELOAD: Half volume, no all-out effort. 70% intensity. Focus on form and breathing."
Functional Body Composition v2,21,143,1,Romanian Deadlift,3,8,3-1-1-0,120s,5,70% of working weight. Perfect hip hinge pattern.
Functional Body Composition v2,21,143,2,Lat Pulldown,3,10,3-1-1-0,90s,5,"70% of working weight. Full range of motion, slow negative."
Functional Body Composition v2,21,143,3,Cable Face Pulls,2,15,2-2-1-0,60s,5,Light. Shoulder health and mobility focus.
Functional Body Composition v2,21,143,4,Dead Hang,2,30s,N/A,60s,5,"Relax shoulders, decompress spine. Grip work."
Functional Body Composition v2,21,144,1,Cardio Warmup,1,5 min,N/A,,4,"5 min easy pace, then 3x20 sec build-up efforts with 1 min easy between."
Functional Body Composition v2,21,144,2,Easy Tempo Run or Bike,1,15 min,N/A,,5,"DELOAD: Easy continuous effort. 50% of normal volume. Keep heart rate low, focus on breathing rhythm."
Functional Body Composition v2,21,145,1,Goblet Squat,3,10,3-1-1-0,90s,5,"70% of working weight. Deep squat, focus on mobility."
Functional Body Composition v2,21,145,2,Incline Dumbbell Press,2,10,3-1-1-0,90s,5,Light. Technique and range of motion focus.
Functional Body Composition v2,21,145,3,Walking Lunges,2,10/leg,2-0-1-0,90s,5,Bodyweight or very light. Balance and stability focus.
Functional Body Composition v2,21,145,4,Farmer Carry,2,30m,N/A,90s,5,Moderate weight. Posture focus.
Functional Body Composition v2,21,146,1,Cardio Warmup,1,5 min,N/A,,4,"5 min easy pace on rower, then 3x20 sec build-up efforts with 1 min easy between."
Functional Body Composition v2,21,146,2,Rowing Machine,2,2000m,N/A,300s,5,DELOAD: 2 x 2000m at easy pace (2:05+ per 500m). Rest 5 min. Focus on technique and breathing.
Functional Body Composition v2,21,147,REST,Rest Day,0,0,,,,"Full rest day. Prioritise sleep, hydration, and nutrition. Light walking or stretching if desired."
Functional Body Composition v2,22,148,1,Leg Press,4,10-12,3-1-1-0,120s,6,"Knees track over toes, full depth, no bouncing at the bottom. 2 ramp-up sets first."
Functional Body Composition v2,22,148,2,Dumbbell Bench Press,4,8-10,3-1-1-0,90s,6,Pin shoulder blades back and down. Slow controlled descent to chest level.
Functional Body Composition v2,22,148,3,Smith Machine Split Squat,3,10/leg,3-1-1-0,90s,6,"Upright torso, front knee stable over ankle. Alternate legs each set."
Functional Body Composition v2,22,148,4,Cable Chest Fly,3,12-15,3-1-1-0,60s,6,"Squeeze chest at the top, slight bend in elbows. Don't let shoulders roll forward."
Functional Body Composition v2,22,148,5,Hanging Knee Raise,3,12-15,2-1-1-0,60s,6,"Control the swing. Curl pelvis up, don't just lift knees. Slow negative."
Functional Body Composition v2,22,149,1,Cardio Warmup,1,5 min,N/A,,4,"5 min easy pace, then 3x20 sec build-up efforts with 1 min easy between."
Functional Body Composition v2,22,149,2,Self-Powered Treadmill Sprints,3,20 kcal ALL OUT,N/A,240s,10,ALL OUT sprints. 3 sets x 20 kcal. Rest 3-5 min between sets. This is maximum effort.
Functional Body Composition v2,22,150,1,Romanian Deadlift,4,8,3-1-1-0,120s,6,"Hips back, neutral spine, feel hamstring stretch. Bar stays close to legs. 2 ramp-up sets first."
Functional Body Composition v2,22,150,2,Lat Pulldown,4,10,3-1-1-0,90s,6,"Pull elbows to ribs, chest tall. Full stretch at the top, squeeze at the bottom."
Functional Body Composition v2,22,150,3,Seated Row Machine,3,12,3-1-1-0,90s,6,"Chest against pad, pull to lower chest. Squeeze shoulder blades together."
Functional Body Composition v2,22,150,4,Cable Face Pulls,3,15,2-2-1-0,60s,6,"Pull to forehead level, externally rotate at the end. Shoulder health focus."
Functional Body Composition v2,22,150,5,Plank Hold,3,45s,N/A,60s,6,"Brace core tight, neutral spine. Squeeze glutes. Don't let hips sag or pike."
Functional Body Composition v2,22,151,1,Cardio Warmup,1,5 min,N/A,,4,"5 min easy pace, then 3x20 sec build-up efforts with 1 min easy between."
Functional Body Composition v2,22,151,2,Steady Tempo Bike,1,20 min,N/A,,6,"Continuous steady effort for 20 minutes at RPE 6. Consistent pace, no stopping. Build aerobic base."
Functional Body Composition v2,22,152,1,Goblet Squat,4,12,3-1-1-0,90s,6,"Hold dumbbell at chest. Sit between knees, upright torso. Full depth."
Functional Body Composition v2,22,152,2,Incline Dumbbell Press,3,10,3-1-1-0,90s,6,"30-degree incline. Control the descent, full range of motion. Shoulder blades pinned."
Functional Body Composition v2,22,152,3,Cable Row,3,12,3-1-1-0,90s,6,"Pull to navel, chest up. Squeeze at the back, controlled release."
Functional Body Composition v2,22,152,4,Walking Lunges,3,12/leg,2-0-1-0,90s,6,"Long stride, upright torso. Control the descent, drive through front heel."
Functional Body Composition v2,22,152,5,Farmer Carry,3,40m,N/A,90s,6,"Heavy but stable posture. Shoulders back and down, tight core, don't lean."
Functional Body Composition v2,22,153,1,Cardio Warmup,1,5 min,N/A,,4,"5 min easy pace on rower, then 3x20 sec build-up efforts with 1 min easy between."
Functional Body Composition v2,22,153,2,Rowing Machine,3,2000m,N/A,240s,8,3 x 2000m at 2:00 per 500m pace. Rest 4 min between sets. Maintain consistent split. This is the engine-builder.
Functional Body Composition v2,22,154,REST,Rest Day,0,0,,,,"Full rest day. Prioritise sleep, hydration, and nutrition. Light walking or stretching if desired."
Functional Body Composition v2,23,155,1,Leg Press,4,10-12,3-1-1-0,120s,6.5,"Knees track over toes, full depth, no bouncing at the bottom. 2 ramp-up sets first."
Functional Body Composition v2,23,155,2,Dumbbell Bench Press,4,8-10,3-1-1-0,90s,6.5,Pin shoulder blades back and down. Slow controlled descent to chest level.
Functional Body Composition v2,23,155,3,Smith Machine Split Squat,3,10/leg,3-1-1-0,90s,6.5,"Upright torso, front knee stable over ankle. Alternate legs each set."
Functional Body Composition v2,23,155,4,Cable Chest Fly,3,12-15,3-1-1-0,60s,6.5,"Squeeze chest at the top, slight bend in elbows. Don't let shoulders roll forward."
Functional Body Composition v2,23,155,5,Hanging Knee Raise,3,12-15,2-1-1-0,60s,6.5,"Control the swing. Curl pelvis up, don't just lift knees. Slow negative."
Functional Body Composition v2,23,156,1,Cardio Warmup,1,5 min,N/A,,4,"5 min easy pace, then 3x20 sec build-up efforts with 1 min easy between."
Functional Body Composition v2,23,156,2,Air Bike Sprints,3,22 kcal ALL OUT,N/A,240s,10,ALL OUT sprints. 3 sets x 22 kcal. Rest 3-5 min between sets. This is maximum effort.
Functional Body Composition v2,23,157,1,Romanian Deadlift,4,8,3-1-1-0,120s,6.5,"Hips back, neutral spine, feel hamstring stretch. Bar stays close to legs. 2 ramp-up sets first."
Functional Body Composition v2,23,157,2,Lat Pulldown,4,10,3-1-1-0,90s,6.5,"Pull elbows to ribs, chest tall. Full stretch at the top, squeeze at the bottom."
Functional Body Composition v2,23,157,3,Seated Row Machine,3,12,3-1-1-0,90s,6.5,"Chest against pad, pull to lower chest. Squeeze shoulder blades together."
Functional Body Composition v2,23,157,4,Cable Face Pulls,3,15,2-2-1-0,60s,6.5,"Pull to forehead level, externally rotate at the end. Shoulder health focus."
Functional Body Composition v2,23,157,5,Plank Hold,3,45s,N/A,60s,6.5,"Brace core tight, neutral spine. Squeeze glutes. Don't let hips sag or pike."
Functional Body Composition v2,23,158,1,Cardio Warmup,1,5 min,N/A,,4,"5 min easy pace, then 3x20 sec build-up efforts with 1 min easy between."
Functional Body Composition v2,23,158,2,Steady Tempo Treadmill Run,1,23 min,N/A,,6,"Continuous steady effort for 23 minutes at RPE 6. Consistent pace, no stopping. Build aerobic base."
Functional Body Composition v2,23,159,1,Goblet Squat,4,12,3-1-1-0,90s,6.5,"Hold dumbbell at chest. Sit between knees, upright torso. Full depth."
Functional Body Composition v2,23,159,2,Incline Dumbbell Press,3,10,3-1-1-0,90s,6.5,"30-degree incline. Control the descent, full range of motion. Shoulder blades pinned."
Functional Body Composition v2,23,159,3,Cable Row,3,12,3-1-1-0,90s,6.5,"Pull to navel, chest up. Squeeze at the back, controlled release."
Functional Body Composition v2,23,159,4,Walking Lunges,3,12/leg,2-0-1-0,90s,6.5,"Long stride, upright torso. Control the descent, drive through front heel."
Functional Body Composition v2,23,159,5,Farmer Carry,3,40m,N/A,90s,6.5,"Heavy but stable posture. Shoulders back and down, tight core, don't lean."
Functional Body Composition v2,23,160,1,Cardio Warmup,1,5 min,N/A,,4,"5 min easy pace on rower, then 3x20 sec build-up efforts with 1 min easy between."
Functional Body Composition v2,23,160,2,Rowing Machine,3,2000m,N/A,240s,8,3 x 2000m at 1:59 per 500m pace. Rest 4 min between sets. Maintain consistent split. This is the engine-builder.
Functional Body Composition v2,23,161,REST,Rest Day,0,0,,,,"Full rest day. Prioritise sleep, hydration, and nutrition. Light walking or stretching if desired."
Functional Body Composition v2,24,162,1,Leg Press,4,10-12,3-1-1-0,120s,7,"Knees track over toes, full depth, no bouncing at the bottom. 2 ramp-up sets first."
Functional Body Composition v2,24,162,2,Dumbbell Bench Press,4,8-10,3-1-1-0,90s,7,Pin shoulder blades back and down. Slow controlled descent to chest level.
Functional Body Composition v2,24,162,3,Smith Machine Split Squat,3,10/leg,3-1-1-0,90s,7,"Upright torso, front knee stable over ankle. Alternate legs each set."
Functional Body Composition v2,24,162,4,Cable Chest Fly,3,12-15,3-1-1-0,60s,7,"Squeeze chest at the top, slight bend in elbows. Don't let shoulders roll forward."
Functional Body Composition v2,24,162,5,Hanging Knee Raise,3,12-15,2-1-1-0,60s,7,"Control the swing. Curl pelvis up, don't just lift knees. Slow negative."
Functional Body Composition v2,24,163,1,Cardio Warmup,1,5 min,N/A,,4,"5 min easy pace, then 3x20 sec build-up efforts with 1 min easy between."
Functional Body Composition v2,24,163,2,Self-Powered Treadmill Sprints,4,22 kcal ALL OUT,N/A,240s,10,ALL OUT sprints. 4 sets x 22 kcal. Rest 3-5 min between sets. This is maximum effort.
Functional Body Composition v2,24,164,1,Romanian Deadlift,4,8,3-1-1-0,120s,7,"Hips back, neutral spine, feel hamstring stretch. Bar stays close to legs. 2 ramp-up sets first."
Functional Body Composition v2,24,164,2,Lat Pulldown,4,10,3-1-1-0,90s,7,"Pull elbows to ribs, chest tall. Full stretch at the top, squeeze at the bottom."
Functional Body Composition v2,24,164,3,Seated Row Machine,3,12,3-1-1-0,90s,7,"Chest against pad, pull to lower chest. Squeeze shoulder blades together."
Functional Body Composition v2,24,164,4,Cable Face Pulls,3,15,2-2-1-0,60s,7,"Pull to forehead level, externally rotate at the end. Shoulder health focus."
Functional Body Composition v2,24,164,5,Plank Hold,3,45s,N/A,60s,7,"Brace core tight, neutral spine. Squeeze glutes. Don't let hips sag or pike."
Functional Body Composition v2,24,165,1,Cardio Warmup,1,5 min,N/A,,4,"5 min easy pace, then 3x20 sec build-up efforts with 1 min easy between."
Functional Body Composition v2,24,165,2,Steady Tempo Bike,1,26 min,N/A,,6,"Continuous steady effort for 26 minutes at RPE 6. Consistent pace, no stopping. Build aerobic base."
Functional Body Composition v2,24,166,1,Goblet Squat,4,12,3-1-1-0,90s,7,"Hold dumbbell at chest. Sit between knees, upright torso. Full depth."
Functional Body Composition v2,24,166,2,Incline Dumbbell Press,3,10,3-1-1-0,90s,7,"30-degree incline. Control the descent, full range of motion. Shoulder blades pinned."
Functional Body Composition v2,24,166,3,Cable Row,3,12,3-1-1-0,90s,7,"Pull to navel, chest up. Squeeze at the back, controlled release."
Functional Body Composition v2,24,166,4,Walking Lunges,3,12/leg,2-0-1-0,90s,7,"Long stride, upright torso. Control the descent, drive through front heel."
Functional Body Composition v2,24,166,5,Farmer Carry,3,40m,N/A,90s,7,"Heavy but stable posture. Shoulders back and down, tight core, don't lean."
Functional Body Composition v2,24,167,1,Cardio Warmup,1,5 min,N/A,,4,"5 min easy pace on rower, then 3x20 sec build-up efforts with 1 min easy between."
Functional Body Composition v2,24,167,2,Rowing Machine,4,2000m,N/A,240s,8,4 x 2000m at 1:58 per 500m pace. Rest 4 min between sets. Maintain consistent split. This is the engine-builder.
Functional Body Composition v2,24,168,REST,Rest Day,0,0,,,,"Full rest day. Prioritise sleep, hydration, and nutrition. Light walking or stretching if desired."
Functional Body Composition v2,25,169,1,Leg Press,4,10-12,3-1-1-0,120s,7.5,"Knees track over toes, full depth, no bouncing at the bottom. 2 ramp-up sets first."
Functional Body Composition v2,25,169,2,Dumbbell Bench Press,4,8-10,3-1-1-0,90s,7.5,Pin shoulder blades back and down. Slow controlled descent to chest level.
Functional Body Composition v2,25,169,3,Smith Machine Split Squat,3,10/leg,3-1-1-0,90s,7.5,"Upright torso, front knee stable over ankle. Alternate legs each set."
Functional Body Composition v2,25,169,4,Cable Chest Fly,3,12-15,3-1-1-0,60s,7.5,"Squeeze chest at the top, slight bend in elbows. Don't let shoulders roll forward."
Functional Body Composition v2,25,169,5,Hanging Knee Raise,3,12-15,2-1-1-0,60s,7.5,"Control the swing. Curl pelvis up, don't just lift knees. Slow negative."
Functional Body Composition v2,25,170,1,Cardio Warmup,1,5 min,N/A,,4,"5 min easy pace, then 3x20 sec build-up efforts with 1 min easy between."
Functional Body Composition v2,25,170,2,Air Bike Sprints,4,24 kcal ALL OUT,N/A,240s,10,ALL OUT sprints. 4 sets x 24 kcal. Rest 3-5 min between sets. This is maximum effort.
Functional Body Composition v2,25,171,1,Romanian Deadlift,4,8,3-1-1-0,120s,7.5,"Hips back, neutral spine, feel hamstring stretch. Bar stays close to legs. 2 ramp-up sets first."
Functional Body Composition v2,25,171,2,Lat Pulldown,4,10,3-1-1-0,90s,7.5,"Pull elbows to ribs, chest tall. Full stretch at the top, squeeze at the bottom."
Functional Body Composition v2,25,171,3,Seated Row Machine,3,12,3-1-1-0,90s,7.5,"Chest against pad, pull to lower chest. Squeeze shoulder blades together."
Functional Body Composition v2,25,171,4,Cable Face Pulls,3,15,2-2-1-0,60s,7.5,"Pull to forehead level, externally rotate at the end. Shoulder health focus."
Functional Body Composition v2,25,171,5,Plank Hold,3,45s,N/A,60s,7.5,"Brace core tight, neutral spine. Squeeze glutes. Don't let hips sag or pike."
Functional Body Composition v2,25,172,1,Cardio Warmup,1,5 min,N/A,,4,"5 min easy pace, then 3x20 sec build-up efforts with 1 min easy between."
Functional Body Composition v2,25,172,2,Steady Tempo Treadmill Run,1,29 min,N/A,,7,"Continuous steady effort for 29 minutes at RPE 7. Consistent pace, no stopping. Build aerobic base."
Functional Body Composition v2,25,173,1,Goblet Squat,4,12,3-1-1-0,90s,7.5,"Hold dumbbell at chest. Sit between knees, upright torso. Full depth."
Functional Body Composition v2,25,173,2,Incline Dumbbell Press,3,10,3-1-1-0,90s,7.5,"30-degree incline. Control the descent, full range of motion. Shoulder blades pinned."
Functional Body Composition v2,25,173,3,Cable Row,3,12,3-1-1-0,90s,7.5,"Pull to navel, chest up. Squeeze at the back, controlled release."
Functional Body Composition v2,25,173,4,Walking Lunges,3,12/leg,2-0-1-0,90s,7.5,"Long stride, upright torso. Control the descent, drive through front heel."
Functional Body Composition v2,25,173,5,Farmer Carry,3,40m,N/A,90s,7.5,"Heavy but stable posture. Shoulders back and down, tight core, don't lean."
Functional Body Composition v2,25,174,1,Cardio Warmup,1,5 min,N/A,,4,"5 min easy pace on rower, then 3x20 sec build-up efforts with 1 min easy between."
Functional Body Composition v2,25,174,2,Rowing Machine,4,2000m,N/A,240s,8,4 x 2000m at 1:57 per 500m pace. Rest 4 min between sets. Maintain consistent split. This is the engine-builder.
Functional Body Composition v2,25,175,REST,Rest Day,0,0,,,,"Full rest day. Prioritise sleep, hydration, and nutrition. Light walking or stretching if desired."
Functional Body Composition v2,26,176,1,Leg Press,4,10-12,3-1-1-0,120s,8,"Knees track over toes, full depth, no bouncing at the bottom. 2 ramp-up sets first."
Functional Body Composition v2,26,176,2,Dumbbell Bench Press,4,8-10,3-1-1-0,90s,8,Pin shoulder blades back and down. Slow controlled descent to chest level.
Functional Body Composition v2,26,176,3,Smith Machine Split Squat,3,10/leg,3-1-1-0,90s,8,"Upright torso, front knee stable over ankle. Alternate legs each set."
Functional Body Composition v2,26,176,4,Cable Chest Fly,3,12-15,3-1-1-0,60s,8,"Squeeze chest at the top, slight bend in elbows. Don't let shoulders roll forward."
Functional Body Composition v2,26,176,5,Hanging Knee Raise,3,12-15,2-1-1-0,60s,8,"Control the swing. Curl pelvis up, don't just lift knees. Slow negative."
Functional Body Composition v2,26,177,1,Cardio Warmup,1,5 min,N/A,,4,"5 min easy pace, then 3x20 sec build-up efforts with 1 min easy between."
Functional Body Composition v2,26,177,2,Self-Powered Treadmill Sprints,5,24 kcal ALL OUT,N/A,240s,10,ALL OUT sprints. 5 sets x 24 kcal. Rest 3-5 min between sets. This is maximum effort.
Functional Body Composition v2,26,178,1,Romanian Deadlift,4,8,3-1-1-0,120s,8,"Hips back, neutral spine, feel hamstring stretch. Bar stays close to legs. 2 ramp-up sets first."
Functional Body Composition v2,26,178,2,Lat Pulldown,4,10,3-1-1-0,90s,8,"Pull elbows to ribs, chest tall. Full stretch at the top, squeeze at the bottom."
Functional Body Composition v2,26,178,3,Seated Row Machine,3,12,3-1-1-0,90s,8,"Chest against pad, pull to lower chest. Squeeze shoulder blades together."
Functional Body Composition v2,26,178,4,Cable Face Pulls,3,15,2-2-1-0,60s,8,"Pull to forehead level, externally rotate at the end. Shoulder health focus."
Functional Body Composition v2,26,178,5,Plank Hold,3,45s,N/A,60s,8,"Brace core tight, neutral spine. Squeeze glutes. Don't let hips sag or pike."
Functional Body Composition v2,26,179,1,Cardio Warmup,1,5 min,N/A,,4,"5 min easy pace, then 3x20 sec build-up efforts with 1 min easy between."
Functional Body Composition v2,26,179,2,Steady Tempo Bike,1,32 min,N/A,,7,"Continuous steady effort for 32 minutes at RPE 7. Consistent pace, no stopping. Build aerobic base."
Functional Body Composition v2,26,180,1,Goblet Squat,4,12,3-1-1-0,90s,8,"Hold dumbbell at chest. Sit between knees, upright torso. Full depth."
Functional Body Composition v2,26,180,2,Incline Dumbbell Press,3,10,3-1-1-0,90s,8,"30-degree incline. Control the descent, full range of motion. Shoulder blades pinned."
Functional Body Composition v2,26,180,3,Cable Row,3,12,3-1-1-0,90s,8,"Pull to navel, chest up. Squeeze at the back, controlled release."
Functional Body Composition v2,26,180,4,Walking Lunges,3,12/leg,2-0-1-0,90s,8,"Long stride, upright torso. Control the descent, drive through front heel."
Functional Body Composition v2,26,180,5,Farmer Carry,3,40m,N/A,90s,8,"Heavy but stable posture. Shoulders back and down, tight core, don't lean."
Functional Body Composition v2,26,181,1,Cardio Warmup,1,5 min,N/A,,4,"5 min easy pace on rower, then 3x20 sec build-up efforts with 1 min easy between."
Functional Body Composition v2,26,181,2,Rowing Machine,5,2000m,N/A,240s,8,5 x 2000m at 1:57 per 500m pace. Rest 4 min between sets. Maintain consistent split. This is the engine-builder.
Functional Body Composition v2,26,182,REST,Rest Day,0,0,,,,"Full rest day. Prioritise sleep, hydration, and nutrition. Light walking or stretching if desired."
Functional Body Composition v2,27,183,1,Leg Press,4,10-12,3-1-1-0,120s,8,"Knees track over toes, full depth, no bouncing at the bottom. 2 ramp-up sets first."
Functional Body Composition v2,27,183,2,Dumbbell Bench Press,4,8-10,3-1-1-0,90s,8,Pin shoulder blades back and down. Slow controlled descent to chest level.
Functional Body Composition v2,27,183,3,Smith Machine Split Squat,3,10/leg,3-1-1-0,90s,8,"Upright torso, front knee stable over ankle. Alternate legs each set."
Functional Body Composition v2,27,183,4,Cable Chest Fly,3,12-15,3-1-1-0,60s,8,"Squeeze chest at the top, slight bend in elbows. Don't let shoulders roll forward."
Functional Body Composition v2,27,183,5,Hanging Knee Raise,3,12-15,2-1-1-0,60s,8,"Control the swing. Curl pelvis up, don't just lift knees. Slow negative."
Functional Body Composition v2,27,184,1,Cardio Warmup,1,5 min,N/A,,4,"5 min easy pace, then 3x20 sec build-up efforts with 1 min easy between."
Functional Body Composition v2,27,184,2,Air Bike Sprints,5,25 kcal ALL OUT,N/A,240s,10,ALL OUT sprints. 5 sets x 25 kcal. Rest 3-5 min between sets. This is maximum effort.
Functional Body Composition v2,27,185,1,Romanian Deadlift,4,8,3-1-1-0,120s,8,"Hips back, neutral spine, feel hamstring stretch. Bar stays close to legs. 2 ramp-up sets first."
Functional Body Composition v2,27,185,2,Lat Pulldown,4,10,3-1-1-0,90s,8,"Pull elbows to ribs, chest tall. Full stretch at the top, squeeze at the bottom."
Functional Body Composition v2,27,185,3,Seated Row Machine,3,12,3-1-1-0,90s,8,"Chest against pad, pull to lower chest. Squeeze shoulder blades together."
Functional Body Composition v2,27,185,4,Cable Face Pulls,3,15,2-2-1-0,60s,8,"Pull to forehead level, externally rotate at the end. Shoulder health focus."
Functional Body Composition v2,27,185,5,Plank Hold,3,45s,N/A,60s,8,"Brace core tight, neutral spine. Squeeze glutes. Don't let hips sag or pike."
Functional Body Composition v2,27,186,1,Cardio Warmup,1,5 min,N/A,,4,"5 min easy pace, then 3x20 sec build-up efforts with 1 min easy between."
Functional Body Composition v2,27,186,2,Steady Tempo Treadmill Run,1,35 min,N/A,,7,"Continuous steady effort for 35 minutes at RPE 7. Consistent pace, no stopping. Build aerobic base."
Functional Body Composition v2,27,187,1,Goblet Squat,4,12,3-1-1-0,90s,8,"Hold dumbbell at chest. Sit between knees, upright torso. Full depth."
Functional Body Composition v2,27,187,2,Incline Dumbbell Press,3,10,3-1-1-0,90s,8,"30-degree incline. Control the descent, full range of motion. Shoulder blades pinned."
Functional Body Composition v2,27,187,3,Cable Row,3,12,3-1-1-0,90s,8,"Pull to navel, chest up. Squeeze at the back, controlled release."
Functional Body Composition v2,27,187,4,Walking Lunges,3,12/leg,2-0-1-0,90s,8,"Long stride, upright torso. Control the descent, drive through front heel."
Functional Body Composition v2,27,187,5,Farmer Carry,3,40m,N/A,90s,8,"Heavy but stable posture. Shoulders back and down, tight core, don't lean."
Functional Body Composition v2,27,188,1,Cardio Warmup,1,5 min,N/A,,4,"5 min easy pace on rower, then 3x20 sec build-up efforts with 1 min easy between."
Functional Body Composition v2,27,188,2,Rowing Machine,5,2000m,N/A,240s,8,5 x 2000m at 1:55 per 500m pace. Rest 4 min between sets. Maintain consistent split. This is the engine-builder.
Functional Body Composition v2,27,189,REST,Rest Day,0,0,,,,"Full rest day. Prioritise sleep, hydration, and nutrition. Light walking or stretching if desired."
Functional Body Composition v2,28,190,1,Leg Press,3,10,3-1-1-0,120s,5,70% of working weight. Focus on perfect form and control.
Functional Body Composition v2,28,190,2,Dumbbell Bench Press,3,8,3-1-1-0,90s,5,"70% of working weight. Slow tempo, technique focus."
Functional Body Composition v2,28,190,3,Cable Chest Fly,2,12,3-1-1-0,60s,5,"Light weight, focus on mind-muscle connection."
Functional Body Composition v2,28,190,4,Plank Hold,2,30s,N/A,60s,5,Easy hold. Focus on breathing and bracing.
Functional Body Composition v2,28,191,1,Cardio Warmup,1,5 min,N/A,,4,"5 min easy pace, then 3x20 sec build-up efforts with 1 min easy between."
Functional Body Composition v2,28,191,2,Air Bike or Self-Powered Treadmill Sprints,2,15 kcal,N/A,180s,7,"DELOAD: Half volume, no all-out effort. 70% intensity. Focus on form and breathing."
Functional Body Composition v2,28,192,1,Romanian Deadlift,3,8,3-1-1-0,120s,5,70% of working weight. Perfect hip hinge pattern.
Functional Body Composition v2,28,192,2,Lat Pulldown,3,10,3-1-1-0,90s,5,"70% of working weight. Full range of motion, slow negative."
Functional Body Composition v2,28,192,3,Cable Face Pulls,2,15,2-2-1-0,60s,5,Light. Shoulder health and mobility focus.
Functional Body Composition v2,28,192,4,Dead Hang,2,30s,N/A,60s,5,"Relax shoulders, decompress spine. Grip work."
Functional Body Composition v2,28,193,1,Cardio Warmup,1,5 min,N/A,,4,"5 min easy pace, then 3x20 sec build-up efforts with 1 min easy between."
Functional Body Composition v2,28,193,2,Easy Tempo Run or Bike,1,15 min,N/A,,5,"DELOAD: Easy continuous effort. 50% of normal volume. Keep heart rate low, focus on breathing rhythm."
Functional Body Composition v2,28,194,1,Goblet Squat,3,10,3-1-1-0,90s,5,"70% of working weight. Deep squat, focus on mobility."
Functional Body Composition v2,28,194,2,Incline Dumbbell Press,2,10,3-1-1-0,90s,5,Light. Technique and range of motion focus.
Functional Body Composition v2,28,194,3,Walking Lunges,2,10/leg,2-0-1-0,90s,5,Bodyweight or very light. Balance and stability focus.
Functional Body Composition v2,28,194,4,Farmer Carry,2,30m,N/A,90s,5,Moderate weight. Posture focus.
Functional Body Composition v2,28,195,1,Cardio Warmup,1,5 min,N/A,,4,"5 min easy pace on rower, then 3x20 sec build-up efforts with 1 min easy between."
Functional Body Composition v2,28,195,2,Rowing Machine,2,2000m,N/A,300s,5,DELOAD: 2 x 2000m at easy pace (2:05+ per 500m). Rest 5 min. Focus on technique and breathing.
Functional Body Composition v2,28,196,REST,Rest Day,0,0,,,,"Full rest day. Prioritise sleep, hydration, and nutrition. Light walking or stretching if desired."
